PRAGMA foreign_keys=OFF;
BEGIN TRANSACTION;
CREATE TABLE "schema_migrations" ("version" varchar(255) NOT NULL);
INSERT INTO "schema_migrations" VALUES('20130226064400');
INSERT INTO "schema_migrations" VALUES('20130228002932');
INSERT INTO "schema_migrations" VALUES('20130305060220');
INSERT INTO "schema_migrations" VALUES('20130305064653');
INSERT INTO "schema_migrations" VALUES('20130305064740');
INSERT INTO "schema_migrations" VALUES('20130307061726');
INSERT INTO "schema_migrations" VALUES('20130307061906');
INSERT INTO "schema_migrations" VALUES('20130312084447');
CREATE TABLE "products" ("id" INTEGER PRIMARY KEY AUTOINCREMENT NOT NULL, "title" varchar(255), "image_url" varchar(255), "bh" varchar(255), "weight" decimal, "color_id" integer, "memo" text, "created_at" datetime NOT NULL, "updated_at" datetime NOT NULL);
INSERT INTO "products" VALUES(1,'1','130309142856_1280_1024_3020.jpg','12',21,NULL,'备注','2013-03-09 06:28:56.750600','2013-03-09 06:30:17.490600');
INSERT INTO "products" VALUES(2,'dsf','130309162952_c_1280_1024_3102.jpg','sd',12,NULL,NULL,'2013-03-09 08:29:52.318600','2013-03-09 08:29:52.318600');
INSERT INTO "products" VALUES(4,'wws','130310164555_2013_03_01_08_43_29_2013_02_27_15_23_50_1.jpg','a000-00',1,NULL,'','2013-03-10 08:45:55.224000','2013-03-11 10:10:52.251000');
INSERT INTO "products" VALUES(5,'1',NULL,'12',1,NULL,NULL,'2013-03-12 07:54:11.920800','2013-03-12 07:54:11.920800');
INSERT INTO "products" VALUES(6,'',NULL,'34',NULL,NULL,NULL,'2013-03-12 07:54:24.060800','2013-03-12 07:54:24.060800');
INSERT INTO "products" VALUES(7,'',NULL,'546',NULL,NULL,NULL,'2013-03-12 07:54:59.730800','2013-03-12 07:54:59.730800');
INSERT INTO "products" VALUES(8,'',NULL,'2335',NULL,NULL,NULL,'2013-03-12 07:55:11.139800','2013-03-12 07:55:11.139800');
INSERT INTO "products" VALUES(9,'',NULL,'989',NULL,NULL,NULL,'2013-03-12 07:55:59.288800','2013-03-12 07:55:59.288800');
INSERT INTO "products" VALUES(10,'',NULL,'666',NULL,NULL,NULL,'2013-03-12 07:56:44.016800','2013-03-12 07:56:44.016800');
INSERT INTO "products" VALUES(11,'',NULL,'254',NULL,NULL,NULL,'2013-03-12 07:56:55.303800','2013-03-12 07:56:55.303800');
INSERT INTO "products" VALUES(12,'',NULL,'67',NULL,NULL,NULL,'2013-03-12 07:58:36.143800','2013-03-12 07:58:36.143800');
CREATE TABLE "colors" ("id" INTEGER PRIMARY KEY AUTOINCREMENT NOT NULL, "name" varchar(255), "bh" varchar(255), "value" varchar(255), "created_at" datetime NOT NULL, "updated_at" datetime NOT NULL, "memo" text);
INSERT INTO "colors" VALUES(1,'蓝','12323','#2f7dca','2013-03-09 06:28:13.549600','2013-03-12 09:02:56.827800','测试');
INSERT INTO "colors" VALUES(2,'红','34324324','#db242f','2013-03-09 06:28:25.227600','2013-03-09 06:28:25.227600',NULL);
INSERT INTO "colors" VALUES(3,'咚咚咚','1111','#3f5612','2013-03-11 08:21:51.271000','2013-03-11 08:21:51.271000',NULL);
INSERT INTO "colors" VALUES(4,'1','1','#123456','2013-03-12 09:03:33.426800','2013-03-12 09:03:33.426800','测试');
CREATE TABLE "stocks" ("id" INTEGER PRIMARY KEY AUTOINCREMENT NOT NULL, "bh" varchar(255), "name" varchar(255), "color" varchar(255), "color_id" integer, "product_id" integer, "quantity" integer, "created_at" datetime NOT NULL, "updated_at" datetime NOT NULL);
CREATE TABLE "in_stocks" ("id" INTEGER PRIMARY KEY AUTOINCREMENT NOT NULL, "user_id" integer, "created_at" datetime NOT NULL, "updated_at" datetime NOT NULL);
CREATE TABLE "in_stock_items" ("id" INTEGER PRIMARY KEY AUTOINCREMENT NOT NULL, "in_stock_id" integer, "product_id" integer, "color_id" integer, "weight" decimal, "quantity" integer, "created_at" datetime NOT NULL, "updated_at" datetime NOT NULL);
CREATE TABLE "specs" ("id" INTEGER PRIMARY KEY AUTOINCREMENT NOT NULL, "product_id" integer, "bh" varchar(255), "name" varchar(255), "color_id" integer, "material" varchar(255), "quantity" integer, "created_at" datetime NOT NULL, "updated_at" datetime NOT NULL, "memo" text);
INSERT INTO "specs" VALUES(1,1,'1','1',1,'金属',NULL,'2013-03-09 06:29:13.691600','2013-03-12 08:59:49.987800','测试');
INSERT INTO "specs" VALUES(2,1,'2','1',2,'Who',NULL,'2013-03-09 06:30:39.240600','2013-03-09 06:30:39.240600',NULL);
INSERT INTO "specs" VALUES(3,1,'23','a',2,'塑料',NULL,'2013-03-09 07:34:26.623600','2013-03-09 07:34:26.623600',NULL);
INSERT INTO "specs" VALUES(4,1,'234','ds',1,'pvc',NULL,'2013-03-09 07:59:00.537600','2013-03-09 07:59:00.537600',NULL);
INSERT INTO "specs" VALUES(7,1,'8567','jfghfgh',1,'木,金属,塑料,pvc',NULL,'2013-03-09 08:12:19.556600','2013-03-09 08:12:19.556600',NULL);
INSERT INTO "specs" VALUES(8,1,'87','23',1,'木',NULL,'2013-03-09 08:13:13.448600','2013-03-09 08:13:13.448600',NULL);
INSERT INTO "specs" VALUES(9,2,'sd-12323','sss',1,'金属',NULL,'2013-03-10 08:39:09.853000','2013-03-10 08:39:09.853000',NULL);
CREATE TABLE "spec_properties" ("id" INTEGER PRIMARY KEY AUTOINCREMENT NOT NULL, "name" varchar(255), "key" varchar(255), "value" text, "created_at" datetime NOT NULL, "updated_at" datetime NOT NULL);
INSERT INTO "spec_properties" VALUES(1,'材料','material','木，金属,塑料,pvc','2013-03-09 06:38:15.374600','2013-03-10 06:58:00.593000');
DELETE FROM sqlite_sequence;
INSERT INTO "sqlite_sequence" VALUES('colors',4);
INSERT INTO "sqlite_sequence" VALUES('products',12);
INSERT INTO "sqlite_sequence" VALUES('specs',10);
INSERT INTO "sqlite_sequence" VALUES('spec_properties',1);
CREATE UNIQUE INDEX "unique_schema_migrations" ON "schema_migrations" ("version");
COMMIT;
