PRAGMA foreign_keys=OFF;
BEGIN TRANSACTION;
CREATE TABLE "schema_migrations" ("version" varchar(255) NOT NULL);
INSERT INTO "schema_migrations" VALUES('20130226064400');
INSERT INTO "schema_migrations" VALUES('20130228002932');
INSERT INTO "schema_migrations" VALUES('20130307061906');
INSERT INTO "schema_migrations" VALUES('20130305060220');
INSERT INTO "schema_migrations" VALUES('20130305064653');
INSERT INTO "schema_migrations" VALUES('20130305064740');
INSERT INTO "schema_migrations" VALUES('20130307061726');
INSERT INTO "schema_migrations" VALUES('20130312084447');
CREATE TABLE "colors" ("id" INTEGER PRIMARY KEY AUTOINCREMENT NOT NULL, "name" varchar(255), "bh" varchar(255), "value" varchar(255), "created_at" datetime NOT NULL, "updated_at" datetime NOT NULL, "memo" text);
INSERT INTO "colors" VALUES(1,'透明蓝色','VS-006+','#1aabb7','2013-03-10 07:29:11.966250','2013-03-10 09:29:22.450625',NULL);
INSERT INTO "colors" VALUES(2,'透明绿色','VS-028+','#236c59','2013-03-10 09:30:07.888125','2013-03-10 09:31:25.341250',NULL);
INSERT INTO "colors" VALUES(3,'透明红色','VS-046+','#e92b1c','2013-03-10 09:31:57.403750','2013-03-10 09:32:11.450625',NULL);
INSERT INTO "colors" VALUES(4,'白','10047A','#ffffff','2013-03-10 09:36:48.700625','2013-03-10 09:36:48.700625',NULL);
INSERT INTO "colors" VALUES(5,'白','10389A','#ffffff','2013-03-10 09:38:36.497500','2013-03-10 09:38:36.497500',NULL);
INSERT INTO "colors" VALUES(6,'白','10389C','#ffffff','2013-03-10 10:02:31.060000','2013-03-10 10:02:31.060000',NULL);
INSERT INTO "colors" VALUES(7,'白','10414','#ffffff','2013-03-10 10:02:58.091250','2013-03-10 10:02:58.091250',NULL);
INSERT INTO "colors" VALUES(8,'半透明白色','10936','#ffffff','2013-03-10 10:03:42.685000','2013-03-10 10:03:42.685000',NULL);
INSERT INTO "colors" VALUES(9,'白','11246','#ffffff','2013-03-10 10:04:08.856875','2013-03-10 10:04:08.856875',NULL);
INSERT INTO "colors" VALUES(10,'白色色种','11585','#ffffff','2013-03-10 10:04:47.263125','2013-03-13 11:34:33.794375','');
INSERT INTO "colors" VALUES(11,'白色色种','11589','#ffffff','2013-03-10 10:05:02.481875','2013-03-13 11:35:33.950625','');
INSERT INTO "colors" VALUES(12,'深红色','21178','#6b1424','2013-03-10 10:05:37.606875','2013-03-10 10:05:37.606875',NULL);
INSERT INTO "colors" VALUES(13,'透明红','21179','#561217','2013-03-10 10:06:11.466250','2013-03-10 10:06:11.466250',NULL);
INSERT INTO "colors" VALUES(14,'鲜红','21525','#d01d1b','2013-03-10 10:06:42.560000','2013-03-10 10:06:42.560000',NULL);
INSERT INTO "colors" VALUES(15,'透明红色','21577','#f25059','2013-03-10 10:08:00.122500','2013-03-10 10:08:00.122500',NULL);
INSERT INTO "colors" VALUES(16,'鲜红','21579','#e2182b','2013-03-10 10:08:35.310000','2013-03-10 10:08:35.310000',NULL);
INSERT INTO "colors" VALUES(17,'鲜红','21579','#e2182b','2013-03-10 10:08:37.638125','2013-03-10 10:08:37.638125',NULL);
INSERT INTO "colors" VALUES(18,'红色','21780A','#871712','2013-03-10 10:09:37.669375','2013-03-10 10:09:37.669375',NULL);
INSERT INTO "colors" VALUES(19,'红色','21784','#562a12','2013-03-12 06:19:39.700625','2013-03-12 06:19:39.700625',NULL);
INSERT INTO "colors" VALUES(20,'红色','21887','#a01c36','2013-03-12 06:38:37.622500','2013-03-12 06:38:37.622500',NULL);
INSERT INTO "colors" VALUES(22,'紫红色','21891','#97215f','2013-03-12 07:15:46.872500','2013-03-12 07:15:46.872500',NULL);
INSERT INTO "colors" VALUES(23,'深红色','22018','#800f1b','2013-03-12 07:16:14.747500','2013-03-12 07:16:14.747500',NULL);
INSERT INTO "colors" VALUES(24,'红色','22137','#ec182f','2013-03-12 07:16:45.106875','2013-03-12 07:16:45.106875',NULL);
INSERT INTO "colors" VALUES(25,'红色','22237','#9e1a26','2013-03-12 07:17:06.669375','2013-03-12 07:17:06.669375',NULL);
INSERT INTO "colors" VALUES(26,'枣红色','23449','#bd4c4f','2013-03-12 07:19:16.825625','2013-03-12 07:19:16.825625',NULL);
INSERT INTO "colors" VALUES(27,'红色','23558','#56121a','2013-03-12 07:19:36.435000','2013-03-12 07:19:36.435000',NULL);
INSERT INTO "colors" VALUES(28,'红色','23558A','#e02434','2013-03-12 07:20:12.825625','2013-03-12 07:20:12.825625',NULL);
INSERT INTO "colors" VALUES(29,'红色','23558C','#e22c36','2013-03-12 07:20:32.122500','2013-03-12 07:20:32.122500',NULL);
INSERT INTO "colors" VALUES(30,'透明粉红色','23585','#cb8084','2013-03-12 07:20:58.466250','2013-03-12 07:20:58.466250',NULL);
INSERT INTO "colors" VALUES(33,'透明紫红色','23611','#f63c8d','2013-03-12 07:25:50.841250','2013-03-12 07:25:50.841250',NULL);
INSERT INTO "colors" VALUES(34,'透明红色','23699','#d72a28','2013-03-12 07:32:58.950625','2013-03-12 07:32:58.950625',NULL);
INSERT INTO "colors" VALUES(35,'红色','23796','#e82131','2013-03-12 07:34:29.278750','2013-03-12 07:34:29.278750',NULL);
INSERT INTO "colors" VALUES(36,'透明红色','23891','#ec3240','2013-03-12 07:35:59.231875','2013-03-12 07:35:59.231875',NULL);
INSERT INTO "colors" VALUES(38,'粉红色','23909','#cd8888','2013-03-12 07:39:42.966250','2013-03-12 07:39:42.966250',NULL);
INSERT INTO "colors" VALUES(39,'透明红色','23968','#c89692','2013-03-12 07:39:58.825625','2013-03-12 07:39:58.825625',NULL);
INSERT INTO "colors" VALUES(40,'红色','24044A','#561213','2013-03-12 07:40:16.294375','2013-03-12 07:40:16.294375',NULL);
INSERT INTO "colors" VALUES(41,'红色','23091','#c3222a','2013-03-12 07:40:28.669375','2013-03-12 07:40:28.669375',NULL);
INSERT INTO "colors" VALUES(42,'粉红色','24154','#f2a79c','2013-03-12 07:46:22.872500','2013-03-12 07:46:22.872500',NULL);
INSERT INTO "colors" VALUES(43,'红色','24284','#f53532','2013-03-12 07:46:42.669375','2013-03-12 07:46:42.669375',NULL);
INSERT INTO "colors" VALUES(44,'红色','24591','#561219','2013-03-12 07:46:57.169375','2013-03-12 07:46:57.169375',NULL);
INSERT INTO "colors" VALUES(45,'红色','24592','#d21925','2013-03-12 07:47:15.575625','2013-03-12 07:47:15.575625',NULL);
INSERT INTO "colors" VALUES(46,'红色','24593','#ac1515','2013-03-12 07:47:28.638125','2013-03-12 07:47:28.638125',NULL);
INSERT INTO "colors" VALUES(47,'红色','25014','#e52424','2013-03-12 07:47:45.294375','2013-03-12 07:47:45.294375',NULL);
INSERT INTO "colors" VALUES(48,'红色','25221','#db1b14','2013-03-12 07:47:59.341250','2013-03-12 07:47:59.341250',NULL);
INSERT INTO "colors" VALUES(49,'红色色种','25878','#a81f1a','2013-03-12 07:48:22.310000','2013-03-12 08:59:20.419375',NULL);
INSERT INTO "colors" VALUES(50,'大红色色种','25901','#e53828','2013-03-12 07:48:44.653750','2013-03-13 09:01:38.778750','');
INSERT INTO "colors" VALUES(51,'透明红色','25917','#b61b34','2013-03-12 07:49:01.778750','2013-03-12 07:49:01.778750',NULL);
INSERT INTO "colors" VALUES(52,'半透明橙色','30746','#b4542d','2013-03-12 07:49:29.513125','2013-03-12 07:49:29.513125',NULL);
INSERT INTO "colors" VALUES(53,'橙黄色','30763','#bd8c28','2013-03-12 07:50:03.231875','2013-03-12 07:50:03.231875',NULL);
INSERT INTO "colors" VALUES(54,'橙黄色','30763','#bd8c28','2013-03-12 07:50:03.810000','2013-03-12 07:50:03.810000',NULL);
INSERT INTO "colors" VALUES(55,'橙色','30940','#f1b604','2013-03-12 08:06:59.403750','2013-03-12 08:06:59.403750',NULL);
INSERT INTO "colors" VALUES(56,'橙色','31159','#de6b17','2013-03-12 08:07:17.481875','2013-03-12 08:07:17.481875',NULL);
INSERT INTO "colors" VALUES(57,'橙色','31465','#b96027','2013-03-12 08:07:31.231875','2013-03-12 08:07:31.231875',NULL);
INSERT INTO "colors" VALUES(58,'透明橙色','31564','#e98720','2013-03-12 08:07:49.903750','2013-03-12 08:07:49.903750',NULL);
INSERT INTO "colors" VALUES(59,'透明橙色','31586','#c07316','2013-03-12 08:08:25.716250','2013-03-12 08:08:25.716250',NULL);
INSERT INTO "colors" VALUES(60,'透明橙色','31633','#d48b35','2013-03-12 08:08:58.356875','2013-03-12 08:08:58.356875',NULL);
INSERT INTO "colors" VALUES(61,'橙色','31690A','#ac5911','2013-03-12 08:09:12.263125','2013-03-12 08:09:12.263125',NULL);
INSERT INTO "colors" VALUES(62,'透明橙黄色','31717','#c1781a','2013-03-12 08:09:35.466250','2013-03-12 08:09:35.466250',NULL);
INSERT INTO "colors" VALUES(63,'橙色','31737','#c67115','2013-03-12 08:09:49.169375','2013-03-12 08:09:49.169375',NULL);
INSERT INTO "colors" VALUES(64,'橙色','31785','#ea9710','2013-03-12 08:10:03.716250','2013-03-12 08:10:03.716250',NULL);
INSERT INTO "colors" VALUES(65,'透明橙色','31832','#b17520','2013-03-12 08:10:16.091250','2013-03-12 08:10:16.091250',NULL);
INSERT INTO "colors" VALUES(66,'橙色','31844','#ed8c0c','2013-03-12 08:10:30.231875','2013-03-12 08:10:30.231875',NULL);
INSERT INTO "colors" VALUES(67,'透明深橙色','31968','#c98722','2013-03-12 08:10:44.950625','2013-03-12 08:10:44.950625',NULL);
INSERT INTO "colors" VALUES(68,'澄红色','32209','#b9512d','2013-03-12 08:11:11.591250','2013-03-12 08:11:11.591250',NULL);
INSERT INTO "colors" VALUES(69,'橙红色','32210','#b14620','2013-03-12 08:11:44.935000','2013-03-12 08:11:44.935000',NULL);
INSERT INTO "colors" VALUES(70,'橙红色','32212','#c03b11','2013-03-12 08:12:07.231875','2013-03-12 08:12:07.231875',NULL);
INSERT INTO "colors" VALUES(71,'橙红色','32212A','#a43c1e','2013-03-12 08:12:32.403750','2013-03-12 08:12:32.403750',NULL);
INSERT INTO "colors" VALUES(72,'橙色','32244','#b4461d','2013-03-12 08:12:47.325625','2013-03-12 08:12:47.325625',NULL);
INSERT INTO "colors" VALUES(73,'橙色','32262','#a9370f','2013-03-12 08:13:03.950625','2013-03-12 08:13:03.950625',NULL);
INSERT INTO "colors" VALUES(74,'橙色','32670','#ab380d','2013-03-12 08:13:19.997500','2013-03-12 08:13:19.997500',NULL);
INSERT INTO "colors" VALUES(75,'深蓝色','400169','#0e0fa4','2013-03-12 08:13:38.606875','2013-03-12 08:13:38.606875',NULL);
INSERT INTO "colors" VALUES(76,'粉蓝色','400239','#5492c9','2013-03-12 08:14:02.435000','2013-03-12 08:14:02.435000',NULL);
INSERT INTO "colors" VALUES(77,'蓝色','400240','#11268d','2013-03-12 08:14:19.091250','2013-03-12 08:14:19.091250',NULL);
INSERT INTO "colors" VALUES(78,'蓝色','400243','#1831aa','2013-03-12 08:14:37.231875','2013-03-12 08:14:37.231875',NULL);
INSERT INTO "colors" VALUES(79,'蓝色','400243A','#102c7e','2013-03-12 08:14:51.716250','2013-03-12 08:14:51.716250',NULL);
INSERT INTO "colors" VALUES(80,'蓝色','400519','#0c27ac','2013-03-12 08:15:04.356875','2013-03-12 08:15:04.356875',NULL);
INSERT INTO "colors" VALUES(81,'蓝绿色','400632','#124756','2013-03-12 08:15:27.466250','2013-03-12 08:15:27.466250',NULL);
INSERT INTO "colors" VALUES(82,'蓝色','400725','#122397','2013-03-12 08:15:45.669375','2013-03-12 08:15:45.669375',NULL);
INSERT INTO "colors" VALUES(83,'粉蓝色','401239','#76abe0','2013-03-12 08:16:00.560000','2013-03-12 08:16:00.560000',NULL);
INSERT INTO "colors" VALUES(84,'透明蓝色','401241','#bce6f5','2013-03-12 08:16:31.419375','2013-03-12 08:16:31.419375',NULL);
INSERT INTO "colors" VALUES(85,'透明蓝色','401260','#598cc0','2013-03-12 08:16:47.903750','2013-03-12 08:16:47.903750',NULL);
INSERT INTO "colors" VALUES(86,'粉蓝色','401321','#94b5d6','2013-03-12 08:17:09.419375','2013-03-12 08:17:09.419375',NULL);
INSERT INTO "colors" VALUES(87,'蓝色色种','401384','#0a5eb2','2013-03-12 08:17:20.778750','2013-03-12 08:58:36.919375',NULL);
INSERT INTO "colors" VALUES(88,'蓝色色种','401409','#1359a0','2013-03-12 08:20:36.935000','2013-03-12 08:58:54.997500',NULL);
INSERT INTO "colors" VALUES(89,'蓝色','41065A','#1622b1','2013-03-12 08:21:28.497500','2013-03-12 08:21:28.497500',NULL);
INSERT INTO "colors" VALUES(90,'深蓝色','41191','#101989','2013-03-12 08:21:44.966250','2013-03-12 08:21:44.966250',NULL);
INSERT INTO "colors" VALUES(91,'深蓝色','41267','#1b23a1','2013-03-12 08:22:26.981875','2013-03-12 08:22:26.981875',NULL);
INSERT INTO "colors" VALUES(94,'透明深蓝色','41268','#0a18a9','2013-03-12 08:22:53.169375','2013-03-12 08:22:53.169375',NULL);
INSERT INTO "colors" VALUES(95,'透明深蓝色','41268A','#2a3d74','2013-03-12 08:24:39.263125','2013-03-12 08:24:39.263125',NULL);
INSERT INTO "colors" VALUES(96,'透明蓝色','41269','#386694','2013-03-12 08:24:57.106875','2013-03-12 08:24:57.106875',NULL);
INSERT INTO "colors" VALUES(97,'深蓝色','41287C','#063d75','2013-03-12 08:25:24.966250','2013-03-12 08:25:24.966250',NULL);
INSERT INTO "colors" VALUES(98,'深蓝色','41297','#0b2798','2013-03-12 08:25:43.075625','2013-03-12 08:25:43.075625',NULL);
INSERT INTO "colors" VALUES(99,'蓝色','41297A','#1041da','2013-03-12 08:26:00.966250','2013-03-12 08:26:00.966250',NULL);
INSERT INTO "colors" VALUES(100,'红色','24091','#c51511','2013-03-12 08:38:47.122500','2013-03-12 08:39:00.966250',NULL);
INSERT INTO "colors" VALUES(101,'红色','21874','#b21b10','2013-03-12 08:42:17.153750','2013-03-12 09:02:27.185000',NULL);
INSERT INTO "colors" VALUES(102,'蓝色','41410','#1f27ad','2013-03-12 08:51:27.997500','2013-03-12 08:51:27.997500',NULL);
INSERT INTO "colors" VALUES(103,'粉蓝色','41636','#123456','2013-03-12 08:56:38.013125','2013-03-12 08:56:38.013125',NULL);
INSERT INTO "colors" VALUES(104,'蓝色','41687','#0c1e92','2013-03-12 08:56:57.247500','2013-03-12 08:56:57.247500',NULL);
INSERT INTO "colors" VALUES(105,'透明蓝色','41744','#588fc6','2013-03-12 08:58:10.403750','2013-03-12 08:58:10.403750',NULL);
INSERT INTO "colors" VALUES(106,'蓝绿色','41745','#48739d','2013-03-12 09:03:15.856875','2013-03-12 09:03:15.856875',NULL);
INSERT INTO "colors" VALUES(107,'透明蓝色','41937','#87add4','2013-03-12 09:03:38.153750','2013-03-12 09:03:38.153750',NULL);
INSERT INTO "colors" VALUES(108,'蓝色','42116','#1535b7','2013-03-12 09:03:53.310000','2013-03-12 09:03:53.310000',NULL);
INSERT INTO "colors" VALUES(109,'蓝色','42116A','#1018c6','2013-03-12 09:04:10.856875','2013-03-12 09:04:10.856875',NULL);
INSERT INTO "colors" VALUES(110,'深蓝色','42245','#181dcd','2013-03-12 09:04:29.028750','2013-03-12 09:04:29.028750',NULL);
INSERT INTO "colors" VALUES(111,'透明蓝色','42264','#121f56','2013-03-12 09:04:48.325625','2013-03-12 09:04:48.325625',NULL);
INSERT INTO "colors" VALUES(112,'紫蓝色','46515','#191256','2013-03-12 09:05:37.466250','2013-03-12 09:05:37.466250',NULL);
INSERT INTO "colors" VALUES(113,'粉紫蓝色','46516','#2f1256','2013-03-12 09:06:01.825625','2013-03-12 09:06:01.825625',NULL);
INSERT INTO "colors" VALUES(114,'透明紫蓝色','46606','#9a4eda','2013-03-12 09:06:20.388125','2013-03-12 09:06:20.388125',NULL);
INSERT INTO "colors" VALUES(115,'紫红色','46975','#a8107d','2013-03-12 09:06:42.263125','2013-03-12 09:06:42.263125',NULL);
INSERT INTO "colors" VALUES(116,'紫色','46976','#8520c5','2013-03-12 09:06:57.544375','2013-03-12 09:06:57.544375',NULL);
INSERT INTO "colors" VALUES(117,'透明浅紫红色','47028','#9a2d63','2013-03-12 09:07:51.388125','2013-03-12 09:07:51.388125',NULL);
INSERT INTO "colors" VALUES(118,'透明紫色','47125','#d968d9','2013-03-12 09:08:09.450625','2013-03-12 09:08:09.450625',NULL);
INSERT INTO "colors" VALUES(119,'深紫蓝色','47171','#2b1256','2013-03-12 09:08:30.591250','2013-03-12 09:08:30.591250',NULL);
INSERT INTO "colors" VALUES(120,'紫色','47908','#7021a1','2013-03-12 09:08:59.356875','2013-03-12 09:08:59.356875',NULL);
INSERT INTO "colors" VALUES(121,'紫蓝色','48019','#5a36bf','2013-03-12 09:09:57.419375','2013-03-12 09:09:57.419375',NULL);
INSERT INTO "colors" VALUES(122,'紫色','48032','#991ab7','2013-03-12 09:10:26.935000','2013-03-12 09:10:26.935000',NULL);
INSERT INTO "colors" VALUES(123,'透明紫色','48240','#bb54d4','2013-03-12 09:11:02.669375','2013-03-12 09:11:02.669375',NULL);
INSERT INTO "colors" VALUES(124,'蓝色','48362','#3934ad','2013-03-12 09:11:23.341250','2013-03-12 09:11:23.341250',NULL);
INSERT INTO "colors" VALUES(125,'蓝色','48474','#1215b5','2013-03-12 09:11:43.435000','2013-03-12 09:11:43.435000',NULL);
INSERT INTO "colors" VALUES(126,'蓝色','48716','#131796','2013-03-12 09:12:02.528750','2013-03-12 09:12:02.528750',NULL);
INSERT INTO "colors" VALUES(127,'透明蓝色','48720','#2f77da','2013-03-12 09:12:29.044375','2013-03-12 09:12:29.044375',NULL);
INSERT INTO "colors" VALUES(128,'透明蓝色','48881','#457fba','2013-03-12 09:12:44.200625','2013-03-12 09:12:44.200625',NULL);
INSERT INTO "colors" VALUES(129,'透明蓝色','48922','#275c90','2013-03-12 09:12:54.263125','2013-03-12 09:12:54.263125',NULL);
INSERT INTO "colors" VALUES(130,'深蓝色','49149','#091cc8','2013-03-12 09:13:08.966250','2013-03-12 09:13:08.966250',NULL);
INSERT INTO "colors" VALUES(131,'蓝色','49185','#2f7dca','2013-03-12 09:13:21.685000','2013-03-12 09:13:21.685000',NULL);
INSERT INTO "colors" VALUES(132,'透明蓝色','49205','#2d69a4','2013-03-12 09:13:33.106875','2013-03-12 09:13:33.106875',NULL);
INSERT INTO "colors" VALUES(133,'蓝色','49227','#161f8d','2013-03-12 09:14:30.747500','2013-03-12 09:14:30.747500',NULL);
INSERT INTO "colors" VALUES(134,'蓝色','49310','#2126c4','2013-03-12 09:15:38.935000','2013-03-12 09:15:38.935000',NULL);
INSERT INTO "colors" VALUES(135,'透明蓝色','49389','#4a7db0','2013-03-12 09:16:14.216250','2013-03-12 09:16:38.997500',NULL);
INSERT INTO "colors" VALUES(136,'蓝色','49411','#262b8c','2013-03-12 09:16:55.731875','2013-03-12 09:16:55.731875',NULL);
INSERT INTO "colors" VALUES(137,'深蓝色','49431','#1433cc','2013-03-12 09:17:12.091250','2013-03-12 09:17:12.091250',NULL);
INSERT INTO "colors" VALUES(138,'深蓝色','49469','#153ae0','2013-03-12 09:17:30.763125','2013-03-12 09:17:30.763125',NULL);
INSERT INTO "colors" VALUES(139,'蓝色','49689','#1f45c7','2013-03-12 09:17:43.263125','2013-03-12 09:17:43.263125',NULL);
INSERT INTO "colors" VALUES(140,'蓝色','49690','#16299c','2013-03-12 09:17:55.450625','2013-03-12 09:17:55.450625',NULL);
INSERT INTO "colors" VALUES(141,'透明黄色 ','51058','#daf113','2013-03-12 09:18:14.841250','2013-03-12 09:18:14.841250',NULL);
INSERT INTO "colors" VALUES(142,'米黄色','51336','#e3da78','2013-03-12 09:18:32.903750','2013-03-12 09:18:32.903750',NULL);
INSERT INTO "colors" VALUES(143,'黄绿色','51337','#909b12','2013-03-12 09:18:51.528750','2013-03-12 09:18:51.528750',NULL);
INSERT INTO "colors" VALUES(144,'透明黄色','51340','#c5b534','2013-03-12 09:25:27.122500','2013-03-12 09:25:27.122500',NULL);
INSERT INTO "colors" VALUES(145,'黄色','51400','#edeb35','2013-03-12 09:25:38.841250','2013-03-12 09:25:38.841250',NULL);
INSERT INTO "colors" VALUES(146,'黄色','51403','#e3d94a','2013-03-12 09:25:50.747500','2013-03-12 09:25:50.747500',NULL);
INSERT INTO "colors" VALUES(147,'黄色','51436','#e3ce4a','2013-03-12 09:26:01.794375','2013-03-12 09:26:01.794375',NULL);
INSERT INTO "colors" VALUES(148,'米黄色','51437','#d4c25e','2013-03-12 09:26:17.872500','2013-03-12 09:26:17.872500',NULL);
INSERT INTO "colors" VALUES(149,'黄色','51545','#d6ce29','2013-03-12 09:26:29.825625','2013-03-12 09:26:29.825625',NULL);
INSERT INTO "colors" VALUES(150,'黄绿色','51576','#b3bc2f','2013-03-12 09:26:48.810000','2013-03-12 09:26:48.810000',NULL);
INSERT INTO "colors" VALUES(151,'黄绿色','51576A','#a6da2b','2013-03-12 09:27:04.981875','2013-03-12 09:27:04.981875',NULL);
INSERT INTO "colors" VALUES(152,'黄色','51577','#e3e026','2013-03-12 09:27:24.481875','2013-03-12 09:27:24.481875',NULL);
INSERT INTO "colors" VALUES(153,'黄色','51604','#d4d52a','2013-03-12 09:27:37.325625','2013-03-12 09:27:37.325625',NULL);
INSERT INTO "colors" VALUES(154,'黄色','51604A','#d9e421','2013-03-12 09:27:51.528750','2013-03-12 09:27:51.528750',NULL);
INSERT INTO "colors" VALUES(155,'黄绿色','51688','#afd355','2013-03-12 09:28:13.825625','2013-03-12 09:28:13.825625',NULL);
INSERT INTO "colors" VALUES(156,'黄色','51819','#e8f056','2013-03-12 09:28:29.122500','2013-03-12 09:28:29.122500',NULL);
INSERT INTO "colors" VALUES(157,'黄色','52552','#cec10d','2013-03-12 09:28:53.903750','2013-03-12 09:31:25.700625',NULL);
INSERT INTO "colors" VALUES(158,'黄色','52552A','#b1ae20','2013-03-13 00:15:53.497500','2013-03-13 00:15:53.497500',NULL);
INSERT INTO "colors" VALUES(159,'透明黄色','525820','#edd87e','2013-03-13 00:16:11.685000','2013-03-13 00:16:11.685000',NULL);
INSERT INTO "colors" VALUES(160,'透明黄色','52820A','#d1b647','2013-03-13 00:16:27.669375','2013-03-13 00:16:27.669375',NULL);
INSERT INTO "colors" VALUES(161,'透明黄色','52907','#dbbe51','2013-03-13 00:17:22.747500','2013-03-13 00:17:22.747500',NULL);
INSERT INTO "colors" VALUES(162,'黄绿色','52908','#92971c','2013-03-13 00:18:09.247500','2013-03-13 00:18:09.247500',NULL);
INSERT INTO "colors" VALUES(163,'黄色','52909','#e5e13e','2013-03-13 00:18:20.747500','2013-03-13 00:18:20.747500',NULL);
INSERT INTO "colors" VALUES(164,'黄色','52960A','#c0b621','2013-03-13 00:18:52.497500','2013-03-13 00:18:52.497500',NULL);
INSERT INTO "colors" VALUES(165,'黄色','52962','#d6d83b','2013-03-13 00:19:05.403750','2013-03-13 00:19:05.403750',NULL);
INSERT INTO "colors" VALUES(166,'透明黄色','52967','#c6d147','2013-03-13 00:19:20.435000','2013-03-13 00:20:22.575625',NULL);
INSERT INTO "colors" VALUES(167,'透明黄色','53003','#dad652','2013-03-13 00:26:33.669375','2013-03-13 00:26:33.669375',NULL);
INSERT INTO "colors" VALUES(168,'黄绿色','53023','#97ad14','2013-03-13 00:26:48.669375','2013-03-13 00:26:48.669375',NULL);
INSERT INTO "colors" VALUES(169,'黄色','53024','#cedd0e','2013-03-13 00:27:00.419375','2013-03-13 00:27:00.419375',NULL);
INSERT INTO "colors" VALUES(170,'米黄色','53089','#e8e6c0','2013-03-13 00:27:24.888125','2013-03-13 00:27:24.888125',NULL);
INSERT INTO "colors" VALUES(171,'浅黄色','53232','#f7ebab','2013-03-13 00:28:21.497500','2013-03-13 00:28:21.497500',NULL);
INSERT INTO "colors" VALUES(172,'米黄色','53257','#fae79e','2013-03-13 00:29:44.825625','2013-03-13 00:29:44.825625',NULL);
INSERT INTO "colors" VALUES(173,'黄绿色','53258','#b1cc2e','2013-03-13 00:30:03.216250','2013-03-13 00:30:03.216250',NULL);
INSERT INTO "colors" VALUES(174,'透明黄色','53259','#f4eea9','2013-03-13 00:32:20.872500','2013-03-13 00:32:20.872500',NULL);
INSERT INTO "colors" VALUES(175,'米黄色','53260','#ece1a7','2013-03-13 00:33:07.153750','2013-03-13 00:33:07.153750',NULL);
INSERT INTO "colors" VALUES(176,'黄色','53684','#f6e9ac','2013-03-13 00:33:19.013125','2013-03-13 00:33:19.013125',NULL);
INSERT INTO "colors" VALUES(177,'黄色','53742','#f6f083','2013-03-13 00:33:33.278750','2013-03-13 00:33:33.278750',NULL);
INSERT INTO "colors" VALUES(178,'黄色','53743','#aba01c','2013-03-13 00:33:48.872500','2013-03-13 00:33:48.872500',NULL);
INSERT INTO "colors" VALUES(179,'黄色','53744','#cecf3a','2013-03-13 00:34:01.075625','2013-03-13 00:34:01.075625',NULL);
INSERT INTO "colors" VALUES(180,'黄绿色','53839','#ccd95e','2013-03-13 00:34:28.810000','2013-03-13 00:34:28.810000',NULL);
INSERT INTO "colors" VALUES(181,'黄色','54008','#f3e16d','2013-03-13 00:34:43.388125','2013-03-13 00:34:43.388125',NULL);
INSERT INTO "colors" VALUES(182,'黄色','54326','#f0e133','2013-03-13 00:34:57.356875','2013-03-13 00:34:57.356875',NULL);
INSERT INTO "colors" VALUES(183,'透明黄色','54395','#dedb96','2013-03-13 00:35:23.747500','2013-03-13 00:35:23.747500',NULL);
INSERT INTO "colors" VALUES(184,'黄色','51821','#dbdc18','2013-03-13 00:40:31.200625','2013-03-13 00:40:31.200625',NULL);
INSERT INTO "colors" VALUES(185,'黄色色种','54803','#eaea53','2013-03-13 00:42:59.622500','2013-03-13 00:42:59.622500',NULL);
INSERT INTO "colors" VALUES(186,'透明深黄色','51814','#d2a00f','2013-03-13 00:44:07.372500','2013-03-13 00:44:07.372500',NULL);
INSERT INTO "colors" VALUES(187,'黄色色种','54820','#d9b31c','2013-03-13 00:44:28.450625','2013-03-13 00:44:28.450625',NULL);
INSERT INTO "colors" VALUES(188,'绿色','60093','#bed411','2013-03-13 00:44:44.544375','2013-03-13 00:44:44.544375',NULL);
INSERT INTO "colors" VALUES(189,'绿色','60093A','#699018','2013-03-13 00:45:51.856875','2013-03-13 00:45:51.856875',NULL);
INSERT INTO "colors" VALUES(190,'深绿色','61089','#669720','2013-03-13 00:46:07.778750','2013-03-13 00:46:07.778750',NULL);
INSERT INTO "colors" VALUES(191,'深绿色','61158','#548f0a','2013-03-13 00:46:23.122500','2013-03-13 00:46:23.122500',NULL);
INSERT INTO "colors" VALUES(192,'透明绿色','61159','#a8c96e','2013-03-13 00:46:41.513125','2013-03-13 00:46:41.513125',NULL);
INSERT INTO "colors" VALUES(193,'深绿色','61174','#59990a','2013-03-13 00:46:55.778750','2013-03-13 00:46:55.778750',NULL);
INSERT INTO "colors" VALUES(194,'深绿色','61174A','#449018','2013-03-13 00:47:40.950625','2013-03-13 00:47:40.950625',NULL);
INSERT INTO "colors" VALUES(195,'绿色','61182','#58b710','2013-03-13 00:48:10.403750','2013-03-13 00:48:10.403750',NULL);
INSERT INTO "colors" VALUES(196,'深绿色','61221','#289c11','2013-03-13 00:48:33.513125','2013-03-13 00:48:33.513125',NULL);
INSERT INTO "colors" VALUES(197,'绿色','61441','#38c819','2013-03-13 00:48:49.372500','2013-03-13 00:48:49.372500',NULL);
INSERT INTO "colors" VALUES(198,'绿色','61556A','#39a013','2013-03-13 00:49:13.669375','2013-03-13 00:49:13.669375',NULL);
INSERT INTO "colors" VALUES(199,'绿色','61559','#65e628','2013-03-13 00:49:33.403750','2013-03-13 00:49:33.403750',NULL);
INSERT INTO "colors" VALUES(200,'深绿色','61792','#2b951d','2013-03-13 00:49:55.013125','2013-03-13 00:49:55.013125',NULL);
INSERT INTO "colors" VALUES(201,'绿色','61883','#3cb715','2013-03-13 00:50:05.653750','2013-03-13 00:50:05.653750',NULL);
INSERT INTO "colors" VALUES(202,'绿色','61974','#32a509','2013-03-13 00:50:22.325625','2013-03-13 00:50:22.325625',NULL);
INSERT INTO "colors" VALUES(203,'黄绿色','62161','#b0cf17','2013-03-13 00:50:45.153750','2013-03-13 00:50:45.153750',NULL);
INSERT INTO "colors" VALUES(204,'深绿色','62259','#38c313','2013-03-13 00:51:02.669375','2013-03-13 00:51:02.669375',NULL);
INSERT INTO "colors" VALUES(205,'深绿色','62259A','#2fbc1a','2013-03-13 00:51:22.810000','2013-03-13 00:51:22.810000',NULL);
INSERT INTO "colors" VALUES(206,'透明绿色','62273','#92cc3e','2013-03-13 00:51:40.466250','2013-03-13 00:51:40.466250',NULL);
INSERT INTO "colors" VALUES(207,'透明绿色','62534','#82d84b','2013-03-13 00:51:55.138125','2013-03-13 00:51:55.138125',NULL);
INSERT INTO "colors" VALUES(208,'绿色','62615A','#4ac51b','2013-03-13 00:52:11.169375','2013-03-13 00:52:11.169375',NULL);
INSERT INTO "colors" VALUES(209,'透明绿色','62685','#8dd142','2013-03-13 00:52:29.044375','2013-03-13 00:52:29.044375',NULL);
INSERT INTO "colors" VALUES(210,'绿色','62688','#2fd51a','2013-03-13 00:52:47.310000','2013-03-13 00:59:21.075625',NULL);
INSERT INTO "colors" VALUES(211,'墨绿色','62689','#092f0b','2013-03-13 00:53:11.263125','2013-03-13 00:53:11.263125',NULL);
INSERT INTO "colors" VALUES(212,'绿色','63292','#47ed1d','2013-03-13 00:53:26.622500','2013-03-13 00:53:26.622500',NULL);
INSERT INTO "colors" VALUES(213,'绿色','63293','#53b616','2013-03-13 00:53:39.106875','2013-03-13 00:53:39.106875',NULL);
INSERT INTO "colors" VALUES(214,'绿色','63294','#29ac1b','2013-03-13 00:53:51.653750','2013-03-13 00:53:51.653750',NULL);
INSERT INTO "colors" VALUES(215,'绿色','63294A','#42cf2a','2013-03-13 00:54:03.903750','2013-03-13 00:54:03.903750',NULL);
INSERT INTO "colors" VALUES(216,'粉绿色','63631','#b8efda','2013-03-13 00:54:27.325625','2013-03-13 00:54:27.325625',NULL);
INSERT INTO "colors" VALUES(217,'绿色','63942','#46e015','2013-03-13 00:54:39.591250','2013-03-13 00:54:39.591250',NULL);
INSERT INTO "colors" VALUES(218,'绿色','63943','#7add40','2013-03-13 00:54:50.575625','2013-03-13 00:54:50.575625',NULL);
INSERT INTO "colors" VALUES(219,'透明绿色','63969','#a1cb48','2013-03-13 00:55:05.731875','2013-03-13 00:55:05.731875',NULL);
INSERT INTO "colors" VALUES(220,'深绿色','62846','#123456','2013-03-13 00:59:34.716250','2013-03-13 00:59:34.716250',NULL);
INSERT INTO "colors" VALUES(221,'绿色','63979','#51af18','2013-03-13 01:06:57.638125','2013-03-13 01:06:57.638125',NULL);
INSERT INTO "colors" VALUES(222,'深绿色色种','64161','#12561d','2013-03-13 01:07:16.763125','2013-03-13 01:07:16.763125',NULL);
INSERT INTO "colors" VALUES(223,'透明深绿色','64179','#2a8d2e','2013-03-13 01:07:36.185000','2013-03-13 01:07:36.185000',NULL);
INSERT INTO "colors" VALUES(224,'棕色','80159','#602a1f','2013-03-13 01:07:53.106875','2013-03-13 01:07:53.106875',NULL);
INSERT INTO "colors" VALUES(225,'棕色','80167B','#561912','2013-03-13 01:08:16.138125','2013-03-13 01:08:16.138125',NULL);
INSERT INTO "colors" VALUES(226,'黑色','80200','#070a0d','2013-03-13 01:08:29.435000','2013-03-13 01:08:29.435000',NULL);
INSERT INTO "colors" VALUES(227,'棕色','80273','#561a12','2013-03-13 01:08:44.153750','2013-03-13 01:08:44.153750',NULL);
INSERT INTO "colors" VALUES(228,'深棕色','80275','#3b1008','2013-03-13 01:09:00.966250','2013-03-13 01:09:00.966250',NULL);
INSERT INTO "colors" VALUES(229,'棕色','80276','#8f3e24','2013-03-13 01:09:15.231875','2013-03-13 01:09:15.231875',NULL);
INSERT INTO "colors" VALUES(230,'金色','80440','#ebc524','2013-03-13 01:09:54.731875','2013-03-13 01:09:54.731875',NULL);
INSERT INTO "colors" VALUES(231,'金铜色','80441','#9c6821','2013-03-13 01:10:14.622500','2013-03-13 01:10:14.622500',NULL);
INSERT INTO "colors" VALUES(232,'黑色','80475','#01080e','2013-03-13 01:10:33.653750','2013-03-13 01:10:33.653750',NULL);
INSERT INTO "colors" VALUES(233,'桔黄色','80539','#dab83e','2013-03-13 01:10:53.606875','2013-03-13 01:10:53.606875',NULL);
INSERT INTO "colors" VALUES(234,'珠光棕色','80570','#563412','2013-03-13 01:11:25.950625','2013-03-13 01:11:25.950625',NULL);
INSERT INTO "colors" VALUES(235,'珠光棕色','80571','#9d501b','2013-03-13 01:11:45.200625','2013-03-13 01:11:45.200625',NULL);
INSERT INTO "colors" VALUES(236,'金色','80848','#e0b942','2013-03-13 01:11:54.591250','2013-03-13 01:12:21.919375',NULL);
INSERT INTO "colors" VALUES(237,'透明黑色','80941','#20262d','2013-03-13 01:12:47.560000','2013-03-13 01:12:47.560000',NULL);
INSERT INTO "colors" VALUES(238,'透明黑色','80979','#131c26','2013-03-13 01:13:02.560000','2013-03-13 01:13:02.560000',NULL);
INSERT INTO "colors" VALUES(239,'透明黑色','81045','#1b2936','2013-03-13 01:13:20.841250','2013-03-13 01:13:20.841250',NULL);
INSERT INTO "colors" VALUES(240,'透明黑色','81057','#0e141a','2013-03-13 01:13:32.825625','2013-03-13 01:13:32.825625',NULL);
INSERT INTO "colors" VALUES(241,'褐色','81105','#563512','2013-03-13 01:14:00.731875','2013-03-13 01:14:00.731875',NULL);
INSERT INTO "colors" VALUES(242,'金色','81107','#bc8d20','2013-03-13 01:14:17.575625','2013-03-13 01:14:17.575625',NULL);
INSERT INTO "colors" VALUES(243,'银色','81136','#f8f7f1','2013-03-13 01:14:40.653750','2013-03-13 01:14:40.653750',NULL);
INSERT INTO "colors" VALUES(244,'透明深灰色','81161','#b1ada0','2013-03-13 01:15:10.919375','2013-03-13 01:15:10.919375',NULL);
INSERT INTO "colors" VALUES(245,'棕红色','81202','#a6240c','2013-03-13 01:15:28.888125','2013-03-13 01:15:28.888125',NULL);
INSERT INTO "colors" VALUES(246,'棕红色','81202A','#972d11','2013-03-13 01:15:48.044375','2013-03-13 01:15:48.044375',NULL);
INSERT INTO "colors" VALUES(247,'杏色','81206','#ebdbcc','2013-03-13 01:16:33.669375','2013-03-13 01:16:33.669375',NULL);
INSERT INTO "colors" VALUES(248,'亮银色','81505','#faf8f4','2013-03-13 01:16:57.106875','2013-03-13 01:16:57.106875',NULL);
INSERT INTO "colors" VALUES(249,'透明棕色','81612','#c76f43','2013-03-13 01:17:16.747500','2013-03-13 01:22:13.356875',NULL);
INSERT INTO "colors" VALUES(250,'棕色','81613','#72300d','2013-03-13 01:17:35.747500','2013-03-13 01:18:04.685000',NULL);
INSERT INTO "colors" VALUES(251,'浅棕色','81623','#9f5732','2013-03-13 01:18:33.935000','2013-03-13 01:18:33.935000',NULL);
INSERT INTO "colors" VALUES(252,'杏色','81625','#f9ecdc','2013-03-13 01:18:52.731875','2013-03-13 01:18:52.731875',NULL);
INSERT INTO "colors" VALUES(253,'黑色','81684','#020303','2013-03-13 01:19:11.544375','2013-03-13 01:19:11.544375',NULL);
INSERT INTO "colors" VALUES(254,'金色','81727','#ca8e12','2013-03-13 01:19:24.356875','2013-03-13 01:19:24.356875',NULL);
INSERT INTO "colors" VALUES(255,'银色','81728','#f9f7f6','2013-03-13 01:19:48.903750','2013-03-13 01:19:48.903750',NULL);
INSERT INTO "colors" VALUES(256,'肉色','81760','#fdf7f9','2013-03-13 01:28:58.481875','2013-03-13 01:28:58.481875',NULL);
INSERT INTO "colors" VALUES(257,'肉色','81780','#f8ede8','2013-03-13 01:29:12.700625','2013-03-13 01:29:12.700625',NULL);
INSERT INTO "colors" VALUES(258,'金色','81881','#d59f44','2013-03-13 01:29:27.106875','2013-03-13 01:29:27.106875',NULL);
INSERT INTO "colors" VALUES(259,'金色色种','81887','#c98b36','2013-03-13 01:29:43.044375','2013-03-13 01:29:43.044375',NULL);
INSERT INTO "colors" VALUES(260,'银灰色色种','81888','#615850','2013-03-13 01:29:56.997500','2013-03-13 11:18:35.091250','');
INSERT INTO "colors" VALUES(261,'银灰色色种','81897','#766359','2013-03-13 01:30:18.497500','2013-03-13 11:19:22.622500','');
INSERT INTO "colors" VALUES(262,'亮银色色种','81898','#bab7b4','2013-03-13 01:30:59.044375','2013-03-13 11:17:49.888125','');
INSERT INTO "colors" VALUES(263,'亮银色色种','81899','#c2bebb','2013-03-13 01:31:15.294375','2013-03-13 11:18:10.138125','');
INSERT INTO "colors" VALUES(264,'金色色种','81900','#d59d48','2013-03-13 01:31:28.700625','2013-03-13 01:31:28.700625',NULL);
INSERT INTO "colors" VALUES(265,'黑色色种','81903','#0b140e','2013-03-13 01:31:51.341250','2013-03-13 01:31:51.341250',NULL);
INSERT INTO "colors" VALUES(266,'灰色','90209','#78736d','2013-03-13 01:34:59.231875','2013-03-13 01:34:59.231875',NULL);
INSERT INTO "colors" VALUES(267,'灰色','90209A','#65696c','2013-03-13 01:35:10.138125','2013-03-13 01:35:10.138125',NULL);
INSERT INTO "colors" VALUES(268,'灰色','90209B','#646e78','2013-03-13 01:35:21.513125','2013-03-13 01:35:21.513125',NULL);
INSERT INTO "colors" VALUES(269,'灰色','90209C','#697077','2013-03-13 01:35:46.560000','2013-03-13 01:35:46.560000',NULL);
INSERT INTO "colors" VALUES(270,'咖啡色','90210','#774a22','2013-03-13 01:36:02.372500','2013-03-13 01:36:02.372500',NULL);
INSERT INTO "colors" VALUES(272,'银灰色','90211','#677079','2013-03-13 01:36:58.778750','2013-03-13 01:36:58.778750',NULL);
INSERT INTO "colors" VALUES(273,'银灰色','90211A','#989ca0','2013-03-13 01:37:12.263125','2013-03-13 01:37:12.263125',NULL);
INSERT INTO "colors" VALUES(274,'青金色','90218','#33c769','2013-03-13 01:37:52.216250','2013-03-13 01:37:52.216250',NULL);
INSERT INTO "colors" VALUES(275,' 深灰色','90238','#383b3d','2013-03-13 01:38:07.341250','2013-03-13 01:38:07.341250',NULL);
INSERT INTO "colors" VALUES(276,'深灰色','90242','#484c51','2013-03-13 01:38:26.700625','2013-03-13 01:38:26.700625',NULL);
INSERT INTO "colors" VALUES(277,'深灰色','90242A','#394046','2013-03-13 01:38:42.935000','2013-03-13 01:38:42.935000',NULL);
INSERT INTO "colors" VALUES(278,'深灰色','90242B','#45474a','2013-03-13 01:38:55.216250','2013-03-13 01:38:55.216250',NULL);
INSERT INTO "colors" VALUES(279,'深灰色','90242C','#48525b','2013-03-13 01:39:08.841250','2013-03-13 01:39:08.841250',NULL);
INSERT INTO "colors" VALUES(280,'灰色','90249A','#8f9499','2013-03-13 01:39:22.903750','2013-03-13 01:39:22.903750',NULL);
INSERT INTO "colors" VALUES(281,'青铜色','90250A','#12562d','2013-03-13 01:39:50.622500','2013-03-13 01:39:50.622500',NULL);
INSERT INTO "colors" VALUES(282,'铜色','90295','#8e4d25','2013-03-13 01:40:44.747500','2013-03-13 01:40:44.747500',NULL);
INSERT INTO "colors" VALUES(283,'金铜色','90295B','#9c5a1c','2013-03-13 01:41:08.450625','2013-03-13 01:41:08.450625',NULL);
INSERT INTO "colors" VALUES(284,'深灰色','90328','#44474b','2013-03-13 01:41:26.372500','2013-03-13 01:41:26.372500',NULL);
INSERT INTO "colors" VALUES(285,'灰色','90329','#56595d','2013-03-13 01:41:41.231875','2013-03-13 01:41:41.231875',NULL);
INSERT INTO "colors" VALUES(286,'深类色','90358','#3d4042','2013-03-13 01:41:56.185000','2013-03-13 01:41:56.185000',NULL);
INSERT INTO "colors" VALUES(287,'灰色','90414','#57595b','2013-03-13 01:47:06.653750','2013-03-13 01:47:06.653750',NULL);
INSERT INTO "colors" VALUES(288,'灰色','90426','#747d86','2013-03-13 01:47:22.747500','2013-03-13 01:47:22.747500',NULL);
INSERT INTO "colors" VALUES(289,'透明灰色','90427A','#737373','2013-03-13 01:47:38.685000','2013-03-13 01:47:38.685000',NULL);
INSERT INTO "colors" VALUES(290,'咖啡色','90551','#84531a','2013-03-13 01:47:53.825625','2013-03-13 01:47:53.825625',NULL);
INSERT INTO "colors" VALUES(291,'咖啡色','90552','#744b0b','2013-03-13 01:48:24.060000','2013-03-13 01:48:24.060000',NULL);
INSERT INTO "colors" VALUES(292,'透明灰色','90573','#9199a1','2013-03-13 01:48:43.200625','2013-03-13 01:48:43.200625',NULL);
INSERT INTO "colors" VALUES(293,'深灰色','90600B','#57595b','2013-03-13 01:48:59.106875','2013-03-13 01:48:59.106875',NULL);
INSERT INTO "colors" VALUES(294,'深灰色','90873','#57595b','2013-03-13 01:49:15.763125','2013-03-13 01:49:15.763125',NULL);
INSERT INTO "colors" VALUES(295,'灰色','90874（2）','#808f9d','2013-03-13 01:49:49.091250','2013-03-13 01:49:49.091250',NULL);
INSERT INTO "colors" VALUES(296,'灰白色','90875','#bec4cb','2013-03-13 01:50:02.606875','2013-03-13 01:50:02.606875',NULL);
INSERT INTO "colors" VALUES(297,'透明灰蓝色','90878','#405972','2013-03-13 01:50:24.341250','2013-03-13 01:50:24.341250',NULL);
INSERT INTO "colors" VALUES(298,'灰色','90885','#b0b0b0','2013-03-13 01:50:43.060000','2013-03-13 01:50:43.060000',NULL);
INSERT INTO "colors" VALUES(299,'灰色','90905','#abb0b5','2013-03-13 01:50:57.700625','2013-03-13 01:50:57.700625',NULL);
INSERT INTO "colors" VALUES(300,'深啡色','90925','#6b2605','2013-03-13 01:51:21.622500','2013-03-13 01:51:53.700625',NULL);
INSERT INTO "colors" VALUES(301,'浅啡色','90926','#7d3317','2013-03-13 01:52:12.825625','2013-03-13 01:52:40.981875',NULL);
INSERT INTO "colors" VALUES(302,'透明灰色','90931','#c1c4c8','2013-03-13 01:52:56.810000','2013-03-13 01:52:56.810000',NULL);
INSERT INTO "colors" VALUES(303,'灰蓝色','91054','#5c7fa3','2013-03-13 01:53:14.200625','2013-03-13 01:53:14.200625',NULL);
INSERT INTO "colors" VALUES(304,'灰色','91173','#72787e','2013-03-13 01:53:27.278750','2013-03-13 01:53:27.278750',NULL);
INSERT INTO "colors" VALUES(305,'灰色','91204','#808a93','2013-03-13 01:53:37.903750','2013-03-13 01:53:37.903750',NULL);
INSERT INTO "colors" VALUES(306,'透明灰色','91235','#abadb0','2013-03-13 01:54:03.310000','2013-03-13 01:54:03.310000',NULL);
INSERT INTO "colors" VALUES(307,'灰蓝色','91245','#6c87a3','2013-03-13 01:54:18.575625','2013-03-13 01:54:18.575625',NULL);
INSERT INTO "colors" VALUES(308,'透明浅灰色','91299','#a1adba','2013-03-13 01:54:36.060000','2013-03-13 01:54:36.060000',NULL);
INSERT INTO "colors" VALUES(309,'灰色','91330','#959ca3','2013-03-13 01:54:48.450625','2013-03-13 01:54:48.450625',NULL);
INSERT INTO "colors" VALUES(310,'珠光银色','98601','#c8cfd5','2013-03-13 01:55:07.497500','2013-03-13 01:55:07.497500',NULL);
INSERT INTO "colors" VALUES(311,'珠光银色','98601A','#acadaf','2013-03-13 01:55:51.106875','2013-03-13 01:55:51.106875',NULL);
INSERT INTO "colors" VALUES(312,'珠光银色','98634','#cacfd3','2013-03-13 01:57:24.310000','2013-03-13 01:57:24.310000',NULL);
INSERT INTO "colors" VALUES(313,'珠光深灰色','98890','#676b6f','2013-03-13 01:57:58.966250','2013-03-13 01:57:58.966250',NULL);
INSERT INTO "colors" VALUES(314,'珠光深灰色','98891','#a7abaf','2013-03-13 01:58:24.060000','2013-03-13 07:46:32.825625','');
INSERT INTO "colors" VALUES(315,'珠光灰色','98963','#b1bac4','2013-03-13 01:58:41.653750','2013-03-13 01:58:41.653750',NULL);
INSERT INTO "colors" VALUES(317,'珠光灰蓝色','99325','#4f7396','2013-03-13 01:59:24.638125','2013-03-13 01:59:24.638125',NULL);
INSERT INTO "colors" VALUES(318,'珠光白银色','99326','#c8cfd5','2013-03-13 01:59:51.997500','2013-03-13 01:59:51.997500',NULL);
INSERT INTO "colors" VALUES(319,'珠光青铜色','99333','#40644e','2013-03-13 02:00:23.747500','2013-03-13 02:00:23.747500',NULL);
INSERT INTO "colors" VALUES(320,'珠光白色','99346','#ecedef','2013-03-13 02:00:43.044375','2013-03-13 02:00:43.044375',NULL);
INSERT INTO "colors" VALUES(321,'珠光红色','99381','#cd2623','2013-03-13 02:01:38.325625','2013-03-13 02:06:43.528750',NULL);
INSERT INTO "colors" VALUES(322,'珠光深蓝色','99382','#1c28ba','2013-03-13 02:02:04.872500','2013-03-13 02:02:04.872500',NULL);
INSERT INTO "colors" VALUES(323,'珠光黄色','99531','#e3dd0d','2013-03-13 02:02:24.653750','2013-03-13 02:02:24.653750',NULL);
INSERT INTO "colors" VALUES(324,'珠光黄色','99531A','#e8b017','2013-03-13 02:03:48.450625','2013-03-13 02:03:48.450625',NULL);
INSERT INTO "colors" VALUES(325,'珠光深灰色','99536','#6e7377','2013-03-13 02:04:04.716250','2013-03-13 02:04:04.716250',NULL);
INSERT INTO "colors" VALUES(326,'珠光白色','99567','#e7ebee','2013-03-13 02:04:25.372500','2013-03-13 02:04:25.372500',NULL);
INSERT INTO "colors" VALUES(327,'珠光灰色','99569','#778592','2013-03-13 02:04:46.466250','2013-03-13 02:04:46.466250',NULL);
INSERT INTO "colors" VALUES(328,'珠光深灰色','99710','#6a737c','2013-03-13 02:04:59.544375','2013-03-13 02:04:59.544375',NULL);
INSERT INTO "colors" VALUES(329,'枣红色','25934','#c54126','2013-03-13 02:59:16.591250','2013-03-13 02:59:16.591250','');
INSERT INTO "colors" VALUES(330,'泥黄色','54848','#e0931f','2013-03-13 02:59:41.841250','2013-03-13 02:59:41.841250','');
INSERT INTO "colors" VALUES(331,'黑色','00000','#05080a','2013-03-13 06:32:05.810000','2013-03-13 06:32:05.810000','');
INSERT INTO "colors" VALUES(332,'橙黄色','51818','#d1a952','2013-03-13 07:58:50.169375','2013-03-13 07:58:50.169375','');
INSERT INTO "colors" VALUES(333,'深红色','21215','#b01e11','2013-03-13 08:04:42.294375','2013-03-13 08:04:42.294375','');
INSERT INTO "colors" VALUES(334,'黑色','80166','#040506','2013-03-13 08:42:34.716250','2013-03-13 08:42:34.716250','');
INSERT INTO "colors" VALUES(335,'深红色','21191B','#901317','2013-03-13 08:45:09.716250','2013-03-13 08:45:09.716250','');
INSERT INTO "colors" VALUES(336,'棕色','80482','#4f2117','2013-03-13 08:46:58.419375','2013-03-13 08:46:58.419375','');
INSERT INTO "colors" VALUES(337,'深绿色','61174AC','#12561a','2013-03-13 08:48:19.622500','2013-03-13 08:48:19.622500','');
INSERT INTO "colors" VALUES(338,'透明橙色','31241','#dfad34','2013-03-13 08:49:36.091250','2013-03-13 08:49:36.091250','');
INSERT INTO "colors" VALUES(339,'浅灰','00001','#e6e7e8','2013-03-13 11:12:44.794375','2013-03-13 11:12:44.794375','');
INSERT INTO "colors" VALUES(340,'黄绿色种','64206','#64d018','2013-03-13 12:29:21.544375','2013-03-13 12:29:21.544375','');
INSERT INTO "colors" VALUES(341,'黄绿色种','64207','#88df1e','2013-03-13 12:30:03.138125','2013-03-13 12:30:03.138125','');
CREATE TABLE "in_stock_items" ("id" INTEGER PRIMARY KEY AUTOINCREMENT NOT NULL, "in_stock_id" integer, "product_id" integer, "color_id" integer, "weight" decimal, "quantity" integer, "created_at" datetime NOT NULL, "updated_at" datetime NOT NULL);
CREATE TABLE "in_stocks" ("id" INTEGER PRIMARY KEY AUTOINCREMENT NOT NULL, "user_id" integer, "created_at" datetime NOT NULL, "updated_at" datetime NOT NULL);
INSERT INTO "in_stocks" VALUES(1,NULL,'2013-03-10 08:48:34.278750','2013-03-10 08:48:34.278750');
INSERT INTO "in_stocks" VALUES(2,NULL,'2013-03-10 09:09:41.778750','2013-03-10 09:09:41.778750');
INSERT INTO "in_stocks" VALUES(3,NULL,'2013-03-10 12:56:55.138125','2013-03-10 12:56:55.138125');
INSERT INTO "in_stocks" VALUES(4,NULL,'2013-03-10 17:20:16.497500','2013-03-10 17:20:16.497500');
INSERT INTO "in_stocks" VALUES(5,NULL,'2013-03-10 19:45:55.685000','2013-03-10 19:45:55.685000');
INSERT INTO "in_stocks" VALUES(6,NULL,'2013-03-10 23:25:13.872500','2013-03-10 23:25:13.872500');
INSERT INTO "in_stocks" VALUES(7,NULL,'2013-03-11 01:57:14.044375','2013-03-11 01:57:14.044375');
INSERT INTO "in_stocks" VALUES(8,NULL,'2013-03-11 04:49:52.466250','2013-03-11 04:49:52.466250');
INSERT INTO "in_stocks" VALUES(9,NULL,'2013-03-11 05:26:31.310000','2013-03-11 05:26:31.310000');
INSERT INTO "in_stocks" VALUES(10,NULL,'2013-03-11 07:42:40.606875','2013-03-11 07:42:40.606875');
INSERT INTO "in_stocks" VALUES(11,NULL,'2013-03-11 08:21:14.497500','2013-03-11 08:21:14.497500');
INSERT INTO "in_stocks" VALUES(12,NULL,'2013-03-11 10:28:20.638125','2013-03-11 10:28:20.638125');
INSERT INTO "in_stocks" VALUES(13,NULL,'2013-03-11 14:37:55.981875','2013-03-11 14:37:55.981875');
INSERT INTO "in_stocks" VALUES(14,NULL,'2013-03-11 16:28:17.169375','2013-03-11 16:28:17.169375');
INSERT INTO "in_stocks" VALUES(15,NULL,'2013-03-11 18:22:52.044375','2013-03-11 18:22:52.044375');
INSERT INTO "in_stocks" VALUES(16,NULL,'2013-03-11 22:50:06.122500','2013-03-11 22:50:06.122500');
INSERT INTO "in_stocks" VALUES(17,NULL,'2013-03-12 04:27:34.903750','2013-03-12 04:27:34.903750');
INSERT INTO "in_stocks" VALUES(18,NULL,'2013-03-12 10:49:53.028750','2013-03-12 10:49:53.028750');
INSERT INTO "in_stocks" VALUES(19,NULL,'2013-03-12 13:34:06.060000','2013-03-12 13:34:06.060000');
INSERT INTO "in_stocks" VALUES(20,NULL,'2013-03-12 20:18:39.372500','2013-03-12 20:18:39.372500');
INSERT INTO "in_stocks" VALUES(21,NULL,'2013-03-13 02:37:17.185000','2013-03-13 02:37:17.185000');
INSERT INTO "in_stocks" VALUES(22,NULL,'2013-03-13 03:01:19.356875','2013-03-13 03:01:19.356875');
INSERT INTO "in_stocks" VALUES(23,NULL,'2013-03-13 14:46:28.591250','2013-03-13 14:46:28.591250');
INSERT INTO "in_stocks" VALUES(24,NULL,'2013-03-13 14:53:08.388125','2013-03-13 14:53:08.388125');
CREATE TABLE "products" ("id" INTEGER PRIMARY KEY AUTOINCREMENT NOT NULL, "title" varchar(255), "image_url" varchar(255), "bh" varchar(255), "weight" decimal, "color_id" integer, "memo" text, "created_at" datetime NOT NULL, "updated_at" datetime NOT NULL);
INSERT INTO "products" VALUES(1,'脚','130311124001_X001-00.jpg','X001-00',1,NULL,'','2013-03-10 07:28:29.372500','2013-03-11 04:40:01.310000');
INSERT INTO "products" VALUES(3,'','130311124417_X002-00.jpg','X002-00',1,NULL,'','2013-03-11 04:44:17.435000','2013-03-11 04:44:28.310000');
INSERT INTO "products" VALUES(4,'','130313141856_X003-21.jpg','X003-21',NULL,NULL,'','2013-03-13 06:18:56.091250','2013-03-13 06:18:56.091250');
INSERT INTO "products" VALUES(5,'5#','130313142208_X005-00.jpg','X005-00',NULL,NULL,'','2013-03-13 06:22:08.841250','2013-03-13 06:22:08.841250');
INSERT INTO "products" VALUES(6,'','130313144458_X008-00.jpg','X008-00',NULL,NULL,'','2013-03-13 06:44:58.231875','2013-03-13 06:44:58.231875');
INSERT INTO "products" VALUES(7,'','130313145523_X009-00.jpg','X009-00',NULL,NULL,'','2013-03-13 06:55:23.060000','2013-03-13 06:55:23.060000');
INSERT INTO "products" VALUES(8,'','130313145957_X010-61.jpg','X010-61',NULL,NULL,'','2013-03-13 06:59:57.372500','2013-03-13 06:59:57.372500');
INSERT INTO "products" VALUES(9,'','130313150444_X010-62.jpg','X010-62',NULL,NULL,'','2013-03-13 07:04:44.591250','2013-03-13 07:04:44.591250');
INSERT INTO "products" VALUES(10,'','130313150532_X010-63.jpg','X010-63',NULL,NULL,'','2013-03-13 07:05:32.356875','2013-03-13 07:05:32.356875');
INSERT INTO "products" VALUES(11,'','130313150620_X010-64.jpg','X010-64',NULL,NULL,'','2013-03-13 07:06:20.731875','2013-03-13 07:06:20.731875');
INSERT INTO "products" VALUES(12,'','130313150652_X010-65.jpg','X010-65',NULL,NULL,'','2013-03-13 07:06:52.185000','2013-03-13 07:06:52.185000');
INSERT INTO "products" VALUES(13,'','130313150954_X011-21.jpg','X011-21',NULL,NULL,'','2013-03-13 07:09:54.716250','2013-03-13 07:09:54.716250');
INSERT INTO "products" VALUES(14,'','130313152055_X011-22.jpg','X011-22',NULL,NULL,'','2013-03-13 07:17:22.669375','2013-03-13 07:20:55.419375');
INSERT INTO "products" VALUES(16,'','130313152626_X012-00.jpg','X012-00',NULL,NULL,'','2013-03-13 07:26:26.622500','2013-03-13 07:26:26.622500');
INSERT INTO "products" VALUES(17,'','130313152804_x013-00.jpg','X013-00',NULL,NULL,'','2013-03-13 07:28:04.841250','2013-03-13 07:28:04.841250');
INSERT INTO "products" VALUES(18,'','130313152857_X014-00.jpg','X014-00',NULL,NULL,'','2013-03-13 07:28:57.700625','2013-03-13 07:28:57.700625');
INSERT INTO "products" VALUES(19,'','130313153033_X016-00.JPG','X016-00',NULL,NULL,'','2013-03-13 07:30:33.278750','2013-03-13 07:30:33.278750');
INSERT INTO "products" VALUES(20,'','130313153432_X017-00.JPG','X017-00',NULL,NULL,'','2013-03-13 07:34:32.013125','2013-03-13 07:34:32.013125');
INSERT INTO "products" VALUES(21,'','130313153506_X018-00.JPG','X018-00',NULL,NULL,'','2013-03-13 07:35:06.810000','2013-03-13 07:35:06.810000');
INSERT INTO "products" VALUES(22,'','130313153604_X019-00.jpg','X019-00',NULL,NULL,'','2013-03-13 07:36:04.825625','2013-03-13 07:36:04.825625');
INSERT INTO "products" VALUES(23,'','130313153655_X020-00.JPG','X020-00',NULL,NULL,'','2013-03-13 07:36:55.778750','2013-03-13 07:36:55.778750');
INSERT INTO "products" VALUES(24,'','130313153745_X021-00.JPG','X021-00',NULL,NULL,'','2013-03-13 07:37:45.669375','2013-03-13 07:37:45.669375');
INSERT INTO "products" VALUES(25,'','130313154010_X022-00.jpg','X022-00',NULL,NULL,'','2013-03-13 07:40:10.216250','2013-03-13 07:40:10.216250');
INSERT INTO "products" VALUES(26,'','130313154325_X023-00.jpg','X023-00',NULL,NULL,'','2013-03-13 07:43:25.450625','2013-03-13 07:43:25.450625');
INSERT INTO "products" VALUES(27,'','130313154840_X027-21.jpg','X027-21',NULL,NULL,'','2013-03-13 07:48:40.122500','2013-03-13 07:48:40.122500');
INSERT INTO "products" VALUES(28,'','130313155137_X027-22.jpg','X027-22',NULL,NULL,'','2013-03-13 07:51:37.950625','2013-03-13 07:51:37.950625');
INSERT INTO "products" VALUES(29,'','130313155532_X028-00.jpg','X028-00',NULL,NULL,'','2013-03-13 07:55:32.466250','2013-03-13 07:55:32.466250');
INSERT INTO "products" VALUES(30,'','130313160534_X029-31.jpg','X029-31',NULL,NULL,'','2013-03-13 08:05:34.325625','2013-03-13 08:05:34.325625');
INSERT INTO "products" VALUES(31,'','130313161434_X029-32.jpg','X029-32',NULL,NULL,'','2013-03-13 08:14:34.231875','2013-03-13 08:14:34.231875');
INSERT INTO "products" VALUES(32,'','130313161802_X032-21.jpg','X032-21',NULL,NULL,'','2013-03-13 08:18:02.872500','2013-03-13 08:18:02.872500');
INSERT INTO "products" VALUES(33,'','130313162120_X033-00.jpg','X033-00',NULL,NULL,'','2013-03-13 08:21:20.513125','2013-03-13 08:21:20.513125');
INSERT INTO "products" VALUES(34,'','130313162910_X034-00.jpg','X034-00',NULL,NULL,'','2013-03-13 08:29:10.122500','2013-03-13 08:29:10.122500');
INSERT INTO "products" VALUES(35,'','130313163447_X035-00.jpg','X035-00',NULL,NULL,'','2013-03-13 08:34:47.388125','2013-03-13 08:34:47.388125');
INSERT INTO "products" VALUES(36,'','130313163534_X036-00.jpg','X036-00',NULL,NULL,'','2013-03-13 08:35:34.919375','2013-03-13 08:35:34.919375');
INSERT INTO "products" VALUES(37,'','130313163804_X038-00.jpg','X038-00',NULL,NULL,'','2013-03-13 08:38:04.685000','2013-03-13 08:38:04.685000');
INSERT INTO "products" VALUES(38,'','130313165224_X039-00.jpg','X039-00',NULL,NULL,'','2013-03-13 08:52:24.060000','2013-03-13 08:52:24.060000');
INSERT INTO "products" VALUES(39,'','130313170305_X040-00.jpg','X040-00',NULL,NULL,'','2013-03-13 09:03:05.638125','2013-03-13 09:03:05.638125');
INSERT INTO "products" VALUES(40,'','130313170903_X042-21.jpg','X042-21',NULL,NULL,'','2013-03-13 09:07:33.544375','2013-03-13 09:09:03.466250');
INSERT INTO "products" VALUES(41,'','130313171001_X042-22.jpg','X042-22',NULL,NULL,'','2013-03-13 09:10:01.685000','2013-03-13 09:10:01.685000');
INSERT INTO "products" VALUES(42,'','130313171205_X041-00.jpg','X041-00',NULL,NULL,'','2013-03-13 09:12:05.497500','2013-03-13 09:12:05.497500');
INSERT INTO "products" VALUES(43,'','130313171410_X043-00.jpg','X043-00',NULL,NULL,'','2013-03-13 09:14:10.091250','2013-03-13 09:14:10.091250');
INSERT INTO "products" VALUES(44,'','130313171450_X044-00.jpg','X044-00',NULL,NULL,'','2013-03-13 09:14:50.044375','2013-03-13 09:14:50.044375');
INSERT INTO "products" VALUES(45,'','130313173017_X045-21.jpg','X045-21',NULL,NULL,'','2013-03-13 09:19:09.997500','2013-03-13 09:30:17.825625');
INSERT INTO "products" VALUES(46,'','130313172035_X045-22.jpg','X045-22',NULL,NULL,'','2013-03-13 09:20:35.950625','2013-03-13 14:05:44.419375');
INSERT INTO "products" VALUES(47,'','130313172138_X046-31.jpg','X046-31',NULL,NULL,'','2013-03-13 09:21:38.466250','2013-03-13 09:21:38.466250');
INSERT INTO "products" VALUES(48,'','130313172222_X046-32.jpg','X046-32',NULL,NULL,'','2013-03-13 09:22:22.403750','2013-03-13 09:22:22.403750');
INSERT INTO "products" VALUES(49,'','130313172441_X047-31.jpg','X047-31',NULL,NULL,'','2013-03-13 09:24:41.294375','2013-03-13 09:24:41.294375');
INSERT INTO "products" VALUES(50,'','130313172624_X047-32.jpg','X047-32',NULL,NULL,'','2013-03-13 09:26:24.716250','2013-03-13 09:26:24.716250');
INSERT INTO "products" VALUES(51,'','130313173233_X048-00.jpg','X048-00',NULL,NULL,'','2013-03-13 09:32:33.153750','2013-03-13 09:32:33.153750');
INSERT INTO "products" VALUES(52,'','130313204516_X049-41.jpg','X049-41',NULL,NULL,'','2013-03-13 12:45:16.122500','2013-03-13 12:45:16.122500');
INSERT INTO "products" VALUES(53,'','130313204634_X049-42.jpg','X049-42',NULL,NULL,'','2013-03-13 12:46:34.935000','2013-03-13 12:46:34.935000');
INSERT INTO "products" VALUES(54,'','130313204916_X049-43.jpg','X049-43',NULL,NULL,'','2013-03-13 12:48:35.060000','2013-03-13 12:49:16.731875');
INSERT INTO "products" VALUES(55,'','130313205036_X049-44.jpg','X049-44',NULL,NULL,'','2013-03-13 12:50:36.356875','2013-03-13 12:50:36.356875');
INSERT INTO "products" VALUES(56,'','130313205345_X050-00.jpg','X050-00',NULL,NULL,'','2013-03-13 12:53:45.794375','2013-03-13 12:53:45.794375');
INSERT INTO "products" VALUES(57,'','130314083317_X051-31.jpg','X051-31',NULL,NULL,'','2013-03-14 00:33:17.310000','2013-03-14 00:33:17.310000');
INSERT INTO "products" VALUES(58,'','130314083451_X051-32.jpg','X051-32',NULL,NULL,'','2013-03-14 00:34:51.903750','2013-03-14 00:34:51.903750');
INSERT INTO "products" VALUES(59,'',NULL,'X051-33',NULL,NULL,'','2013-03-14 00:35:37.372500','2013-03-14 00:35:37.372500');
INSERT INTO "products" VALUES(60,'','130314083613_X052-00.jpg','X052-00',NULL,NULL,'','2013-03-14 00:36:13.013125','2013-03-14 00:36:13.013125');
INSERT INTO "products" VALUES(61,'','130314083703_X053-00.jpg','X053-00',NULL,NULL,'','2013-03-14 00:37:03.106875','2013-03-14 00:37:03.106875');
INSERT INTO "products" VALUES(62,'','130314083740_X054-31.jpg','X054-31',NULL,NULL,'','2013-03-14 00:37:40.591250','2013-03-14 00:37:40.591250');
INSERT INTO "products" VALUES(63,'','130314083835_X054-32.jpg','X054-32',NULL,NULL,'','2013-03-14 00:38:35.481875','2013-03-14 00:38:35.481875');
INSERT INTO "products" VALUES(65,'','130314084054_X054-33.jpg','X054-33',NULL,NULL,'','2013-03-14 00:40:54.856875','2013-03-14 00:40:54.856875');
INSERT INTO "products" VALUES(66,'','130314084341_X055-31.jpg','X055-31',NULL,NULL,'','2013-03-14 00:43:41.981875','2013-03-14 00:43:41.981875');
INSERT INTO "products" VALUES(67,'','130314084421_X055-32.jpg','X055-32',NULL,NULL,'','2013-03-14 00:44:21.825625','2013-03-14 00:44:21.825625');
INSERT INTO "products" VALUES(68,'','130314084504_X055-33.jpg','X055-33',NULL,NULL,'','2013-03-14 00:45:04.169375','2013-03-14 00:45:04.169375');
INSERT INTO "products" VALUES(69,'','130314084544_X056-21.jpg','X056-21',NULL,NULL,'','2013-03-14 00:45:44.091250','2013-03-14 00:45:44.091250');
INSERT INTO "products" VALUES(70,'','130314084620_X056-22.jpg','X056-22',NULL,NULL,'','2013-03-14 00:46:20.185000','2013-03-14 00:46:20.185000');
INSERT INTO "products" VALUES(71,'','130314084654_X057-21.jpg','X057-21',NULL,NULL,'','2013-03-14 00:46:54.856875','2013-03-14 00:46:54.856875');
INSERT INTO "products" VALUES(72,'','130314084736_X057-22.jpg','X057-22',NULL,NULL,'','2013-03-14 00:47:36.091250','2013-03-14 00:47:36.091250');
INSERT INTO "products" VALUES(73,'','130314084812_X058-21.jpg','X058-21',NULL,NULL,'','2013-03-14 00:48:12.294375','2013-03-14 00:48:12.294375');
INSERT INTO "products" VALUES(74,'','130314084959_X058-22.jpg','X058-22',NULL,NULL,'','2013-03-14 00:49:59.419375','2013-03-14 00:49:59.419375');
INSERT INTO "products" VALUES(75,'','130314085211_X059-41.jpg','X059-41',NULL,NULL,'','2013-03-14 00:52:11.778750','2013-03-14 00:52:11.778750');
INSERT INTO "products" VALUES(76,'','130314085241_X059-42.jpg','X059-42',NULL,NULL,'','2013-03-14 00:52:41.044375','2013-03-14 00:52:41.044375');
INSERT INTO "products" VALUES(77,'','130314085315_X059-43.jpg','X059-43',NULL,NULL,'','2013-03-14 00:53:15.622500','2013-03-14 00:53:15.622500');
INSERT INTO "products" VALUES(78,'','130314085351_X059-44.jpg','X059-44',NULL,NULL,'','2013-03-14 00:53:51.200625','2013-03-14 00:53:51.200625');
INSERT INTO "products" VALUES(79,'','130314085444_X060-00.jpg','X060-00',NULL,NULL,'','2013-03-14 00:54:44.653750','2013-03-14 00:54:44.653750');
INSERT INTO "products" VALUES(80,'','130314085922_X061-21.jpg','X061-21',NULL,NULL,'','2013-03-14 00:59:22.763125','2013-03-14 00:59:22.763125');
INSERT INTO "products" VALUES(81,'','130314090256_X061-22.jpg','X061-22',NULL,NULL,'','2013-03-14 00:59:50.825625','2013-03-14 01:02:56.028750');
INSERT INTO "products" VALUES(82,'','130314090336_X062-21.jpg','X062-21',NULL,NULL,'','2013-03-14 01:03:36.653750','2013-03-14 01:03:36.653750');
INSERT INTO "products" VALUES(83,'','130314090433_X062-22.jpg','X062-22',NULL,NULL,'','2013-03-14 01:04:33.185000','2013-03-14 01:04:33.185000');
INSERT INTO "products" VALUES(84,'','130314090515_X063-31.jpg','X063-31',NULL,NULL,'','2013-03-14 01:05:15.231875','2013-03-14 01:05:15.231875');
INSERT INTO "products" VALUES(85,'','130314090605_X063-32.jpg','X063-32',NULL,NULL,'','2013-03-14 01:06:05.513125','2013-03-14 01:06:05.513125');
INSERT INTO "products" VALUES(86,'','130314090702_X063-33.jpg','X063-33',NULL,NULL,'','2013-03-14 01:07:02.794375','2013-03-14 01:07:02.794375');
INSERT INTO "products" VALUES(87,'','130314090759_X064-00.jpg','X064-00',NULL,NULL,'','2013-03-14 01:07:59.403750','2013-03-14 01:07:59.403750');
INSERT INTO "products" VALUES(88,'','130314090829_X065-00.jpg','X065-00',NULL,NULL,'','2013-03-14 01:08:29.450625','2013-03-14 01:08:29.450625');
INSERT INTO "products" VALUES(89,'','130314091357_X066-31.jpg','X066-31',NULL,NULL,'','2013-03-14 01:13:57.481875','2013-03-14 01:13:57.481875');
INSERT INTO "products" VALUES(90,'','130314091428_X066-32.jpg','X066-32',NULL,NULL,'','2013-03-14 01:14:28.622500','2013-03-14 01:14:28.622500');
INSERT INTO "products" VALUES(91,'','130314091454_X066-33.jpg','X066-33',NULL,NULL,'','2013-03-14 01:14:54.388125','2013-03-14 01:14:54.388125');
INSERT INTO "products" VALUES(92,'','130314091527_X067-00.jpg','X067-00',NULL,NULL,'','2013-03-14 01:15:27.419375','2013-03-14 01:15:27.419375');
INSERT INTO "products" VALUES(93,'','130314091622_X068-00.jpg','X068-00',NULL,NULL,'','2013-03-14 01:16:22.653750','2013-03-14 01:16:22.653750');
INSERT INTO "products" VALUES(94,'','130314091656_X069-00.jpg','X069-00',NULL,NULL,'','2013-03-14 01:16:56.153750','2013-03-14 01:16:56.153750');
INSERT INTO "products" VALUES(95,'','130314091758_X070-00.jpg','X070-00',NULL,NULL,'','2013-03-14 01:17:58.560000','2013-03-14 01:17:58.560000');
INSERT INTO "products" VALUES(96,'','130314091932_X071-00.jpg','X071-00',NULL,NULL,'','2013-03-14 01:19:32.185000','2013-03-14 01:19:32.185000');
INSERT INTO "products" VALUES(97,'','130314092037_X072-00.jpg','X072-00',NULL,NULL,'','2013-03-14 01:20:37.653750','2013-03-14 01:20:37.653750');
INSERT INTO "products" VALUES(98,'','130314092111_X073-00.jpg','X073-00',NULL,NULL,'','2013-03-14 01:21:11.263125','2013-03-14 01:21:11.263125');
INSERT INTO "products" VALUES(99,'','130314092142_X074-00.jpg','X074-00',NULL,NULL,'','2013-03-14 01:21:42.638125','2013-03-14 01:21:42.638125');
CREATE TABLE "spec_properties" ("id" INTEGER PRIMARY KEY AUTOINCREMENT NOT NULL, "name" varchar(255), "key" varchar(255), "value" text, "created_at" datetime NOT NULL, "updated_at" datetime NOT NULL);
INSERT INTO "spec_properties" VALUES(1,'材料','material','ABS,PP,PC,POM,PA,ABS+AS(2:1) ,AS,透明ABS ,HDPE低压,LDPE高压,GP ,PVC,TPR','2013-03-10 07:26:41.606875','2013-03-13 07:32:15.731875');
CREATE TABLE "specs" ("id" INTEGER PRIMARY KEY AUTOINCREMENT NOT NULL, "product_id" integer, "bh" varchar(255), "name" varchar(255), "color_id" integer, "material" varchar(255), "quantity" integer, "created_at" datetime NOT NULL, "updated_at" datetime NOT NULL, "memo" text);
INSERT INTO "specs" VALUES(2,1,'X001-00-10389A','',5,'ABS',NULL,'2013-03-11 04:42:18.778750','2013-03-11 04:42:18.778750',NULL);
INSERT INTO "specs" VALUES(3,4,'X003-21-90211A','',273,'HDPE低压',NULL,'2013-03-13 06:20:43.388125','2013-03-13 06:20:43.388125','');
INSERT INTO "specs" VALUES(4,5,'X005-00-30940','',55,'ABS',NULL,'2013-03-13 06:22:53.450625','2013-03-13 06:22:53.450625','');
INSERT INTO "specs" VALUES(5,5,'X005-00-51336','',142,'ABS',NULL,'2013-03-13 06:23:05.606875','2013-03-13 06:23:05.606875','');
INSERT INTO "specs" VALUES(6,5,'X005-00-90328','',284,'ABS',NULL,'2013-03-13 06:23:29.638125','2013-03-13 06:23:29.638125','');
INSERT INTO "specs" VALUES(7,5,'X005-00-41636','',103,'ABS',NULL,'2013-03-13 06:25:10.653750','2013-03-13 06:25:10.653750','');
INSERT INTO "specs" VALUES(8,5,'X005-00-10389A','',5,'ABS',NULL,'2013-03-13 06:25:43.653750','2013-03-13 06:25:43.653750','');
INSERT INTO "specs" VALUES(9,5,'X005-00-51337','',143,'ABS',NULL,'2013-03-13 06:26:57.419375','2013-03-13 06:26:57.419375','');
INSERT INTO "specs" VALUES(10,5,'X005-00-51336','',142,'ABS',NULL,'2013-03-13 06:27:06.294375','2013-03-13 06:27:06.294375','');
INSERT INTO "specs" VALUES(12,5,'X005-00-90209C','',269,'ABS',NULL,'2013-03-13 06:28:48.185000','2013-03-13 06:28:48.185000','');
INSERT INTO "specs" VALUES(13,5,'X005-00-21579','',16,'ABS',NULL,'2013-03-13 06:29:10.294375','2013-03-13 06:29:10.294375','');
INSERT INTO "specs" VALUES(15,5,'X005-00-00000','',331,'ABS',NULL,'2013-03-13 06:32:24.028750','2013-03-13 06:32:24.028750','');
INSERT INTO "specs" VALUES(16,1,'X001-00-61089','',190,'ABS',NULL,'2013-03-13 06:33:58.122500','2013-03-13 06:33:58.122500','');
INSERT INTO "specs" VALUES(17,1,'X001-00-80275','',228,'ABS',NULL,'2013-03-13 06:34:07.856875','2013-03-13 06:34:07.856875','');
INSERT INTO "specs" VALUES(18,1,'X001-00-21579','',16,'ABS',NULL,'2013-03-13 06:34:16.731875','2013-03-13 06:34:16.731875','');
INSERT INTO "specs" VALUES(20,1,'X001-00-90329','',285,'ABS',NULL,'2013-03-13 06:35:18.310000','2013-03-13 06:35:18.310000','');
INSERT INTO "specs" VALUES(21,1,'X001-00-80276','',229,'ABS',NULL,'2013-03-13 06:35:27.060000','2013-03-13 06:35:27.060000','');
INSERT INTO "specs" VALUES(22,1,'X001-00-90328','',284,'ABS',NULL,'2013-03-13 06:35:37.575625','2013-03-13 06:35:37.575625','');
INSERT INTO "specs" VALUES(23,1,'X001-00-41191','',90,'ABS',NULL,'2013-03-13 06:36:32.231875','2013-03-13 06:36:32.231875','');
INSERT INTO "specs" VALUES(24,1,'X001-00-00000','',331,'ABS',NULL,'2013-03-13 06:37:00.091250','2013-03-13 06:37:00.091250','');
INSERT INTO "specs" VALUES(25,3,'X002-00-80275','',228,'ABS',NULL,'2013-03-13 06:38:47.716250','2013-03-13 06:38:47.716250','');
INSERT INTO "specs" VALUES(26,3,'X002-00-41191','',90,'ABS',NULL,'2013-03-13 06:38:58.200625','2013-03-13 06:38:58.200625','');
INSERT INTO "specs" VALUES(27,3,'X002-00-61089','',190,'ABS',NULL,'2013-03-13 06:39:38.731875','2013-03-13 06:39:38.731875','');
INSERT INTO "specs" VALUES(28,3,'X002-00-21579','',16,'ABS',NULL,'2013-03-13 06:39:54.747500','2013-03-13 06:39:54.747500','');
INSERT INTO "specs" VALUES(29,3,'X002-00-90209C','',269,'ABS',NULL,'2013-03-13 06:40:12.185000','2013-03-13 06:40:12.185000','');
INSERT INTO "specs" VALUES(30,3,'X002-00-90328','',284,'ABS',NULL,'2013-03-13 06:40:23.122500','2013-03-13 06:40:23.122500','');
INSERT INTO "specs" VALUES(31,6,'X008-00-10389A','',5,'ABS',NULL,'2013-03-13 06:45:38.403750','2013-03-13 06:45:38.403750','');
INSERT INTO "specs" VALUES(32,6,'X008-00-11585','',10,'ABS',NULL,'2013-03-13 06:45:53.216250','2013-03-13 06:45:53.216250','');
INSERT INTO "specs" VALUES(33,6,'X008-00-41191','',90,'ABS',NULL,'2013-03-13 06:46:07.075625','2013-03-13 06:46:07.075625','');
INSERT INTO "specs" VALUES(34,6,'X008-00-401384','',87,'ABS',NULL,'2013-03-13 06:46:17.622500','2013-03-13 06:46:17.622500','');
INSERT INTO "specs" VALUES(35,6,'X008-00-21579','',16,'ABS',NULL,'2013-03-13 06:46:29.388125','2013-03-13 06:46:29.388125','');
INSERT INTO "specs" VALUES(36,6,'X008-00-25878','',49,'ABS',NULL,'2013-03-13 06:46:39.591250','2013-03-13 06:46:39.591250','');
INSERT INTO "specs" VALUES(37,6,'X008-00-00000','',331,'ABS',NULL,'2013-03-13 06:46:48.622500','2013-03-13 06:46:48.622500','');
INSERT INTO "specs" VALUES(38,6,'X008-00-61089','',190,'ABS',NULL,'2013-03-13 06:46:57.450625','2013-03-13 06:46:57.450625','');
INSERT INTO "specs" VALUES(39,6,'X008-00-80275','',228,'ABS',NULL,'2013-03-13 06:47:07.247500','2013-03-13 06:47:07.247500','');
INSERT INTO "specs" VALUES(40,1,'X001-00-11585','',10,'ABS',NULL,'2013-03-13 06:49:19.794375','2013-03-13 06:49:19.794375','');
INSERT INTO "specs" VALUES(41,1,'X001-00-25878','',49,'ABS',NULL,'2013-03-13 06:49:28.528750','2013-03-13 06:49:28.528750','');
INSERT INTO "specs" VALUES(42,1,'X001-00-401384','',87,'ABS',NULL,'2013-03-13 06:49:45.997500','2013-03-13 06:49:45.997500','');
INSERT INTO "specs" VALUES(43,3,'X002-00-401384','',87,'ABS',NULL,'2013-03-13 06:50:29.153750','2013-03-13 06:50:29.153750','');
INSERT INTO "specs" VALUES(44,3,'X002-00-25878','',49,'ABS',NULL,'2013-03-13 06:50:40.388125','2013-03-13 06:50:40.388125','');
INSERT INTO "specs" VALUES(45,5,'X005-00-11585','',10,'ABS',NULL,'2013-03-13 06:53:46.841250','2013-03-13 06:53:46.841250','');
INSERT INTO "specs" VALUES(46,5,'X005-00-25878','',49,'ABS',NULL,'2013-03-13 06:54:00.935000','2013-03-13 06:54:00.935000','');
INSERT INTO "specs" VALUES(47,8,'X010-61-90211A','',273,'HDPE低压',NULL,'2013-03-13 07:00:29.294375','2013-03-13 07:00:29.294375','');
INSERT INTO "specs" VALUES(48,7,'X009-00-90414','',287,'ABS',NULL,'2013-03-13 07:01:55.435000','2013-03-13 07:01:55.435000','');
INSERT INTO "specs" VALUES(49,9,'X010-62-90211A','',273,'ABS',NULL,'2013-03-13 07:05:03.044375','2013-03-13 07:05:03.044375','');
INSERT INTO "specs" VALUES(50,10,'X010-63-90211A','',273,'ABS',NULL,'2013-03-13 07:05:47.044375','2013-03-13 07:05:47.044375','');
INSERT INTO "specs" VALUES(51,11,'X010-64-90211','',273,'ABS',NULL,'2013-03-13 07:06:29.810000','2013-03-13 07:06:29.810000','');
INSERT INTO "specs" VALUES(52,12,'X010-65-90211','',273,'ABS',NULL,'2013-03-13 07:07:14.575625','2013-03-13 07:07:14.575625','');
INSERT INTO "specs" VALUES(53,13,'X011-21-21178','',12,'ABS',NULL,'2013-03-13 07:14:32.919375','2013-03-13 07:14:32.919375','');
INSERT INTO "specs" VALUES(54,13,'X011-21-10389','',5,'ABS',NULL,'2013-03-13 07:14:45.685000','2013-03-13 07:14:45.685000','');
INSERT INTO "specs" VALUES(55,13,'X011-21-11585','',10,'ABS',NULL,'2013-03-13 07:14:54.325625','2013-03-13 07:14:54.325625','');
INSERT INTO "specs" VALUES(56,14,'X011-22-21178','',12,'ABS',NULL,'2013-03-13 07:17:36.528750','2013-03-13 07:17:36.528750','');
INSERT INTO "specs" VALUES(57,14,'X011-22-10389','',5,'ABS',NULL,'2013-03-13 07:17:49.419375','2013-03-13 07:17:49.419375','');
INSERT INTO "specs" VALUES(58,14,'X011-22-11585','',10,'ABS',NULL,'2013-03-13 07:17:56.544375','2013-03-13 07:17:56.544375','');
INSERT INTO "specs" VALUES(59,16,'X012-00-61159','',192,'HDPE低压',NULL,'2013-03-13 07:26:39.575625','2013-03-13 07:26:39.575625','');
INSERT INTO "specs" VALUES(60,16,'X012-00-30746','',52,'HDPE低压',NULL,'2013-03-13 07:26:55.060000','2013-03-13 07:26:55.060000','');
INSERT INTO "specs" VALUES(61,16,'X012-00-41269','',96,'HDPE低压',NULL,'2013-03-13 07:27:08.497500','2013-03-13 07:27:08.497500','');
INSERT INTO "specs" VALUES(62,17,'X013-00-81728','',255,'ABS',NULL,'2013-03-13 07:28:21.606875','2013-03-13 07:28:21.606875','');
INSERT INTO "specs" VALUES(63,18,'X014-00-51337','',143,'ABS',NULL,'2013-03-13 07:29:54.450625','2013-03-13 07:29:54.450625','');
INSERT INTO "specs" VALUES(64,19,'X016-00-00000','',331,'PVC',NULL,'2013-03-13 07:33:19.966250','2013-03-13 07:33:19.966250','');
INSERT INTO "specs" VALUES(65,20,'X017-00-22018','',23,'PVC',NULL,'2013-03-13 07:34:45.278750','2013-03-13 07:34:45.278750','');
INSERT INTO "specs" VALUES(66,21,'X018-00-42245','',110,'PVC',NULL,'2013-03-13 07:35:21.638125','2013-03-13 07:35:21.638125','');
INSERT INTO "specs" VALUES(67,22,'X019-00-10047A','',4,'PVC',NULL,'2013-03-13 07:36:21.060000','2013-03-13 07:36:21.060000','');
INSERT INTO "specs" VALUES(68,23,'X020-00-98963','',315,'PVC',NULL,'2013-03-13 07:37:11.310000','2013-03-13 07:37:11.310000','');
INSERT INTO "specs" VALUES(69,24,'X021-00-61792','',200,'PVC',NULL,'2013-03-13 07:37:56.747500','2013-03-13 07:37:56.747500','');
INSERT INTO "specs" VALUES(71,25,'X022-00-00000','',331,'PP',NULL,'2013-03-13 07:40:32.810000','2013-03-13 07:40:32.810000','');
INSERT INTO "specs" VALUES(72,25,'X022-00-98891','',314,'PP',NULL,'2013-03-13 07:40:44.138125','2013-03-13 07:40:44.138125','');
INSERT INTO "specs" VALUES(73,25,'X022-00-90211','',273,'PP',NULL,'2013-03-13 07:40:55.231875','2013-03-13 07:40:55.231875','');
INSERT INTO "specs" VALUES(74,26,'X023-00-61182','',195,'PP',NULL,'2013-03-13 07:43:35.950625','2013-03-13 07:43:35.950625','');
INSERT INTO "specs" VALUES(75,26,'X023-00-80440','',230,'PP',NULL,'2013-03-13 07:43:46.560000','2013-03-13 07:43:46.560000','');
INSERT INTO "specs" VALUES(76,26,'X023-00-98891','',314,'PP',NULL,'2013-03-13 07:43:55.060000','2013-03-13 07:43:55.060000','');
INSERT INTO "specs" VALUES(77,26,'X023-00-31159','',56,'PP',NULL,'2013-03-13 07:44:33.169375','2013-03-13 07:44:33.169375','');
INSERT INTO "specs" VALUES(78,26,'X023-00-10047A','',4,'PP',NULL,'2013-03-13 07:44:44.325625','2013-03-13 07:44:44.325625','');
INSERT INTO "specs" VALUES(79,27,'X027-21-90211A','',259,'ABS',NULL,'2013-03-13 07:48:56.153750','2013-03-13 11:21:53.966250','');
INSERT INTO "specs" VALUES(82,29,'X028-00-51818','',332,'PP',NULL,'2013-03-13 07:59:31.028750','2013-03-13 07:59:31.028750','');
INSERT INTO "specs" VALUES(83,29,'X028-00-98891','',314,'PP',NULL,'2013-03-13 07:59:42.481875','2013-03-13 07:59:42.481875','');
INSERT INTO "specs" VALUES(84,29,'X028-00-10047A','',4,'PP',NULL,'2013-03-13 08:00:07.169375','2013-03-13 08:00:07.169375','');
INSERT INTO "specs" VALUES(85,29,'X028-00-00000','',331,'PP',NULL,'2013-03-13 08:00:21.341250','2013-03-13 08:00:21.341250','');
INSERT INTO "specs" VALUES(86,29,'X028-00-61182','',195,'PP',NULL,'2013-03-13 08:00:40.388125','2013-03-13 08:00:40.388125','');
INSERT INTO "specs" VALUES(87,29,'X028-00-41297A','',99,'PP',NULL,'2013-03-13 08:00:52.310000','2013-03-13 08:00:52.310000','');
INSERT INTO "specs" VALUES(88,29,'X028-00-41687','',104,'PP',NULL,'2013-03-13 08:01:06.841250','2013-03-13 08:01:06.841250','');
INSERT INTO "specs" VALUES(89,29,'X028-00-31159','',56,'PP',NULL,'2013-03-13 08:01:14.450625','2013-03-13 08:01:14.450625','');
INSERT INTO "specs" VALUES(90,29,'X028-00-49689','',139,'PP',NULL,'2013-03-13 08:01:23.560000','2013-03-13 08:01:23.560000','');
INSERT INTO "specs" VALUES(91,29,'X028-00-51576A','',151,'PP',NULL,'2013-03-13 08:01:32.481875','2013-03-13 08:01:32.481875','');
INSERT INTO "specs" VALUES(92,30,'X029-31-00000','',331,'ABS',NULL,'2013-03-13 08:05:43.888125','2013-03-13 08:05:43.888125','');
INSERT INTO "specs" VALUES(93,30,'X029-31-10389A','',5,'ABS',NULL,'2013-03-13 08:05:54.919375','2013-03-13 08:05:54.919375','');
INSERT INTO "specs" VALUES(94,30,'X029-31-11585','',10,'ABS',NULL,'2013-03-13 08:06:04.060000','2013-03-13 08:06:04.060000','');
INSERT INTO "specs" VALUES(95,30,'X029-31-21178','',12,'ABS',NULL,'2013-03-13 08:06:12.653750','2013-03-13 08:06:12.653750','');
INSERT INTO "specs" VALUES(96,30,'X029-31-51819','',156,'ABS',NULL,'2013-03-13 08:06:22.028750','2013-03-13 08:06:22.028750','');
INSERT INTO "specs" VALUES(97,30,'X029-31-61158','',191,'ABS',NULL,'2013-03-13 08:06:32.810000','2013-03-13 08:06:32.810000','');
INSERT INTO "specs" VALUES(98,30,'X029-31-41267','',91,'ABS',NULL,'2013-03-13 08:06:46.122500','2013-03-13 08:06:46.122500','');
INSERT INTO "specs" VALUES(99,30,'X029-31-21579','',16,'ABS',NULL,'2013-03-13 08:06:54.700625','2013-03-13 08:06:54.700625','');
INSERT INTO "specs" VALUES(100,30,'X029-31-25878','',49,'ABS',NULL,'2013-03-13 08:07:05.450625','2013-03-13 08:07:05.450625','');
INSERT INTO "specs" VALUES(101,28,'X027-22-81881','',258,'ABS',NULL,'2013-03-13 08:12:12.919375','2013-03-13 08:12:12.919375','');
INSERT INTO "specs" VALUES(102,28,'X027-22-81887','',259,'ABS',NULL,'2013-03-13 08:12:21.810000','2013-03-13 08:12:21.810000','');
INSERT INTO "specs" VALUES(103,28,'X027-22-90873','',294,'ABS',NULL,'2013-03-13 08:12:31.825625','2013-03-13 08:12:31.825625','');
INSERT INTO "specs" VALUES(104,28,'X027-22-81888','',260,'ABS',NULL,'2013-03-13 08:12:40.138125','2013-03-13 08:12:40.138125','');
INSERT INTO "specs" VALUES(105,28,'X027-22-81728','',255,'ABS',NULL,'2013-03-13 08:12:47.950625','2013-03-13 08:12:47.950625','');
INSERT INTO "specs" VALUES(106,28,'X027-22-10389','',5,'ABS',NULL,'2013-03-13 08:12:57.013125','2013-03-13 08:12:57.013125','');
INSERT INTO "specs" VALUES(107,31,'X029-32-00000','',331,'ABS',NULL,'2013-03-13 08:14:47.685000','2013-03-13 08:14:47.685000','');
INSERT INTO "specs" VALUES(108,31,'X029-32-10389A','',5,'ABS',NULL,'2013-03-13 08:15:15.981875','2013-03-13 08:15:15.981875','');
INSERT INTO "specs" VALUES(109,31,'X029-32-11585','',10,'ABS',NULL,'2013-03-13 08:15:23.419375','2013-03-13 08:15:23.419375','');
INSERT INTO "specs" VALUES(110,31,'X029-32-21178','',12,'ABS',NULL,'2013-03-13 08:15:31.747500','2013-03-13 08:15:31.747500','');
INSERT INTO "specs" VALUES(111,31,'X029-32-51819','',156,'ABS',NULL,'2013-03-13 08:15:40.981875','2013-03-13 08:15:40.981875','');
INSERT INTO "specs" VALUES(112,31,'X029-32-61158','',191,'ABS',NULL,'2013-03-13 08:15:48.544375','2013-03-13 08:15:48.544375','');
INSERT INTO "specs" VALUES(113,31,'X029-32-41267','',91,'ABS',NULL,'2013-03-13 08:15:58.310000','2013-03-13 08:15:58.310000','');
INSERT INTO "specs" VALUES(114,31,'X029-32-21579','',16,'ABS',NULL,'2013-03-13 08:16:09.341250','2013-03-13 08:16:09.341250','');
INSERT INTO "specs" VALUES(115,31,'X029-32-25878','',49,'ABS',NULL,'2013-03-13 08:16:21.263125','2013-03-13 08:16:21.263125','');
INSERT INTO "specs" VALUES(116,33,'X033-00-90211A','',273,'HDPE低压',NULL,'2013-03-13 08:26:40.810000','2013-03-13 08:26:40.810000','');
INSERT INTO "specs" VALUES(117,32,'X032-21-00000','',331,'ABS',NULL,'2013-03-13 08:27:18.669375','2013-03-13 08:27:18.669375','');
INSERT INTO "specs" VALUES(118,32,'X032-21-21579','',16,'ABS',NULL,'2013-03-13 08:27:28.278750','2013-03-13 08:27:28.278750','');
INSERT INTO "specs" VALUES(119,34,'X034-00-90295B','',283,'HDPE低压',NULL,'2013-03-13 08:33:07.278750','2013-03-13 08:33:07.278750','');
INSERT INTO "specs" VALUES(120,35,'X035-00-90211A','',273,'HDPE低压',NULL,'2013-03-13 08:35:07.247500','2013-03-13 08:35:07.247500','');
INSERT INTO "specs" VALUES(121,36,'X036-00-90414','',287,'ABS',NULL,'2013-03-13 08:35:59.106875','2013-03-13 08:35:59.106875','');
INSERT INTO "specs" VALUES(122,37,'X038-00-80166','',334,'PC',NULL,'2013-03-13 08:43:18.200625','2013-03-13 08:43:18.200625','');
INSERT INTO "specs" VALUES(123,37,'X038-00-81903','',265,'PC',NULL,'2013-03-13 08:43:42.903750','2013-03-13 08:43:42.903750','');
INSERT INTO "specs" VALUES(124,37,'X038-00-21191B','',335,'PC',NULL,'2013-03-13 08:45:42.810000','2013-03-13 08:45:42.810000','');
INSERT INTO "specs" VALUES(125,37,'X038-00-22137','',24,'PC',NULL,'2013-03-13 08:45:51.122500','2013-03-13 08:45:51.122500','');
INSERT INTO "specs" VALUES(126,37,'X038-00-25901','',50,'PC',NULL,'2013-03-13 08:46:02.122500','2013-03-13 08:46:02.122500','');
INSERT INTO "specs" VALUES(127,37,'X038-00-10414','',7,'PC',NULL,'2013-03-13 08:46:14.091250','2013-03-13 08:46:14.091250','');
INSERT INTO "specs" VALUES(128,37,'X038-00-11589','',11,'PC',NULL,'2013-03-13 08:46:20.888125','2013-03-13 08:46:20.888125','');
INSERT INTO "specs" VALUES(129,37,'X038-00-80482','',336,'PC',NULL,'2013-03-13 08:47:22.310000','2013-03-13 08:47:22.310000','');
INSERT INTO "specs" VALUES(130,37,'X038-00-48362','',124,'PC',NULL,'2013-03-13 08:47:34.372500','2013-03-13 08:47:34.372500','');
INSERT INTO "specs" VALUES(131,37,'X038-00-61883','',201,'PC',NULL,'2013-03-13 08:47:42.700625','2013-03-13 08:47:42.700625','');
INSERT INTO "specs" VALUES(132,37,'X038-00-61174AC','',337,'PC',NULL,'2013-03-13 08:48:48.731875','2013-03-13 08:48:48.731875','');
INSERT INTO "specs" VALUES(133,37,'X038-00-42264','',111,'PC',NULL,'2013-03-13 08:48:57.310000','2013-03-13 08:48:57.310000','');
INSERT INTO "specs" VALUES(134,37,'X038-00-31241','',338,'PC',NULL,'2013-03-13 08:50:10.997500','2013-03-13 08:50:10.997500','');
INSERT INTO "specs" VALUES(135,37,'X038-00-51821','',184,'PC',NULL,'2013-03-13 08:50:22.888125','2013-03-13 08:50:22.888125','');
INSERT INTO "specs" VALUES(136,37,'X038-00-401321','',86,'PC',NULL,'2013-03-13 08:50:31.560000','2013-03-13 08:50:31.560000','');
INSERT INTO "specs" VALUES(137,37,'X038-00-41287C','',97,'PC',NULL,'2013-03-13 08:50:42.388125','2013-03-13 08:50:42.388125','');
INSERT INTO "specs" VALUES(138,38,'X039-00-80166','',334,'PC',NULL,'2013-03-13 08:52:40.450625','2013-03-13 08:52:40.450625','');
INSERT INTO "specs" VALUES(139,38,'X039-00-81903','',265,'PC',NULL,'2013-03-13 08:52:49.575625','2013-03-13 08:52:49.575625','');
INSERT INTO "specs" VALUES(140,38,'X039-00-21191B','',335,'PC',NULL,'2013-03-13 08:52:59.513125','2013-03-13 08:52:59.513125','');
INSERT INTO "specs" VALUES(141,38,'X039-00-22137','',24,'PC',NULL,'2013-03-13 08:53:07.935000','2013-03-13 08:53:07.935000','');
INSERT INTO "specs" VALUES(142,38,'X039-00-25901','',50,'PC',NULL,'2013-03-13 08:53:16.528750','2013-03-13 08:53:16.528750','');
INSERT INTO "specs" VALUES(143,38,'X039-00-10414','',7,'PC',NULL,'2013-03-13 08:53:26.231875','2013-03-13 08:53:26.231875','');
INSERT INTO "specs" VALUES(144,38,'X039-00-11589','',11,'PC',NULL,'2013-03-13 08:53:34.669375','2013-03-13 08:53:34.669375','');
INSERT INTO "specs" VALUES(145,38,'X039-00-80482','',336,'PC',NULL,'2013-03-13 08:53:45.872500','2013-03-13 08:53:45.872500','');
INSERT INTO "specs" VALUES(146,38,'X039-00-48362','',124,'PC',NULL,'2013-03-13 08:54:07.122500','2013-03-13 08:54:07.122500','');
INSERT INTO "specs" VALUES(147,38,'X039-00-61883','',201,'PC',NULL,'2013-03-13 08:54:16.731875','2013-03-13 08:54:16.731875','');
INSERT INTO "specs" VALUES(148,38,'X039-00-61174','',337,'PC',NULL,'2013-03-13 08:54:29.091250','2013-03-13 08:54:29.091250','');
INSERT INTO "specs" VALUES(149,38,'X039-00-42264','',111,'PC',NULL,'2013-03-13 08:54:41.872500','2013-03-13 08:54:41.872500','');
INSERT INTO "specs" VALUES(150,38,'X039-00-31241','',338,'PC',NULL,'2013-03-13 08:54:50.935000','2013-03-13 08:54:50.935000','');
INSERT INTO "specs" VALUES(151,38,'X039-00-51821','',184,'PC',NULL,'2013-03-13 08:55:00.356875','2013-03-13 08:55:00.356875','');
INSERT INTO "specs" VALUES(154,38,'X039-00-401321','',86,'PC',NULL,'2013-03-13 09:01:40.575625','2013-03-13 09:01:40.575625','');
INSERT INTO "specs" VALUES(155,38,'X039-00-41287C','',97,'PC',NULL,'2013-03-13 09:01:59.747500','2013-03-13 09:01:59.747500','');
INSERT INTO "specs" VALUES(156,39,'X040-00-80166','',334,'PC',NULL,'2013-03-13 09:03:50.091250','2013-03-13 09:03:50.091250','');
INSERT INTO "specs" VALUES(157,39,'X040-00-81903','',265,'PC',NULL,'2013-03-13 09:03:59.903750','2013-03-13 09:03:59.903750','');
INSERT INTO "specs" VALUES(158,39,'X040-00-21191B','',335,'PC',NULL,'2013-03-13 09:04:14.481875','2013-03-13 09:04:14.481875','');
INSERT INTO "specs" VALUES(159,39,'X040-00-22137','',24,'PC',NULL,'2013-03-13 09:04:21.669375','2013-03-13 09:04:21.669375','');
INSERT INTO "specs" VALUES(160,39,'X040-00-25901','',50,'PC',NULL,'2013-03-13 09:04:31.091250','2013-03-13 09:04:31.091250','');
INSERT INTO "specs" VALUES(161,39,'X040-00-10414','',7,'PC',NULL,'2013-03-13 09:04:41.310000','2013-03-13 09:04:41.310000','');
INSERT INTO "specs" VALUES(162,39,'X040-00-11589','',11,'PC',NULL,'2013-03-13 09:04:50.794375','2013-03-13 09:04:50.794375','');
INSERT INTO "specs" VALUES(163,39,'X040-00-80482','',336,'PC',NULL,'2013-03-13 09:04:58.372500','2013-03-13 09:04:58.372500','');
INSERT INTO "specs" VALUES(164,39,'X040-00-48362','',124,'PC',NULL,'2013-03-13 09:05:10.903750','2013-03-13 09:05:10.903750','');
INSERT INTO "specs" VALUES(165,39,'X040-00-61883','',201,'PC',NULL,'2013-03-13 09:05:19.810000','2013-03-13 09:05:19.810000','');
INSERT INTO "specs" VALUES(166,39,'X040-00-61174','',337,'PC',NULL,'2013-03-13 09:05:30.310000','2013-03-13 09:05:30.310000','');
INSERT INTO "specs" VALUES(167,39,'X040-00-42264','',111,'PC',NULL,'2013-03-13 09:05:48.013125','2013-03-13 09:05:48.013125','');
INSERT INTO "specs" VALUES(168,39,'X040-00-31241','',338,'PC',NULL,'2013-03-13 09:05:57.513125','2013-03-13 09:05:57.513125','');
INSERT INTO "specs" VALUES(169,39,'X040-00-51821','',184,'PC',NULL,'2013-03-13 09:06:08.075625','2013-03-13 09:06:08.075625','');
INSERT INTO "specs" VALUES(170,39,'X040-00-401321','',86,'PC',NULL,'2013-03-13 09:06:15.653750','2013-03-13 09:06:15.653750','');
INSERT INTO "specs" VALUES(171,39,'X040-00-41287C','',97,'PC',NULL,'2013-03-13 09:06:37.638125','2013-03-13 09:06:37.638125','');
INSERT INTO "specs" VALUES(172,40,'X041-00-81728','',255,'ABS',NULL,'2013-03-13 09:07:45.122500','2013-03-13 09:07:45.122500','');
INSERT INTO "specs" VALUES(173,40,'X041-00-21178','',12,'ABS',NULL,'2013-03-13 09:07:52.638125','2013-03-13 09:07:52.638125','');
INSERT INTO "specs" VALUES(174,40,'X041-00-51336','',142,'ABS',NULL,'2013-03-13 09:08:03.622500','2013-03-13 09:08:03.622500','');
INSERT INTO "specs" VALUES(175,41,'X042-22-81728','',255,'ABS',NULL,'2013-03-13 09:10:17.794375','2013-03-13 09:10:17.794375','');
INSERT INTO "specs" VALUES(176,41,'X042-22-21178','',12,'ABS',NULL,'2013-03-13 09:10:57.856875','2013-03-13 09:10:57.856875','');
INSERT INTO "specs" VALUES(177,41,'X042-22-51336','',142,'ABS',NULL,'2013-03-13 09:11:18.935000','2013-03-13 09:11:18.935000','');
INSERT INTO "specs" VALUES(178,42,'X041-00-99333','',319,'PP',NULL,'2013-03-13 09:12:22.153750','2013-03-13 09:12:22.153750','');
INSERT INTO "specs" VALUES(179,43,'X043-00-80440','',230,'PVC',NULL,'2013-03-13 09:14:23.763125','2013-03-13 09:14:23.763125','');
INSERT INTO "specs" VALUES(180,44,'X044-00-53260','',175,'HDPE低压',NULL,'2013-03-13 09:15:07.310000','2013-03-13 11:27:42.528750','双色');
INSERT INTO "specs" VALUES(181,44,'X044-00-80273','',227,'HDPE低压',NULL,'2013-03-13 09:15:36.638125','2013-03-13 11:28:57.606875','双色');
INSERT INTO "specs" VALUES(182,45,'X045-21-21215','',333,'HDPE低压',NULL,'2013-03-13 09:19:53.200625','2013-03-13 09:19:53.200625','');
INSERT INTO "specs" VALUES(183,46,'X45-22-90211A','',273,'HDPE低压',NULL,'2013-03-13 09:20:55.153750','2013-03-13 09:20:55.153750','');
INSERT INTO "specs" VALUES(184,47,'X046-31-81728','',255,'ABS',NULL,'2013-03-13 09:21:58.388125','2013-03-13 09:21:58.388125','');
INSERT INTO "specs" VALUES(185,48,'X046-32-81728','',255,'ABS',NULL,'2013-03-13 09:22:58.060000','2013-03-13 09:22:58.060000','');
INSERT INTO "specs" VALUES(186,49,'X047-31-90211A','',273,'HDPE低压',NULL,'2013-03-13 09:25:30.497500','2013-03-13 09:25:30.497500','');
INSERT INTO "specs" VALUES(187,50,'X047-32-90211A','',273,'HDPE低压',NULL,'2013-03-13 09:26:48.763125','2013-03-13 09:26:48.763125','');
INSERT INTO "specs" VALUES(188,5,'X005-00-00001','',339,'ABS',NULL,'2013-03-13 11:13:42.981875','2013-03-13 11:13:42.981875','');
INSERT INTO "specs" VALUES(189,17,'X013-00-81899','',263,'ABS',NULL,'2013-03-13 11:16:56.278750','2013-03-13 11:16:56.278750','');
INSERT INTO "specs" VALUES(190,17,'X013-00-81888','',260,'ABS',NULL,'2013-03-13 11:17:19.575625','2013-03-13 11:17:19.575625','');
INSERT INTO "specs" VALUES(191,27,'X027-21-81881','',258,'ABS',NULL,'2013-03-13 11:22:05.591250','2013-03-13 11:22:05.591250','');
INSERT INTO "specs" VALUES(192,27,'X027-21-90873','',294,'ABS',NULL,'2013-03-13 11:22:15.294375','2013-03-13 11:22:15.294375','');
INSERT INTO "specs" VALUES(193,27,'X027-21-81888','',260,'ABS',NULL,'2013-03-13 11:22:25.278750','2013-03-13 11:22:25.278750','');
INSERT INTO "specs" VALUES(194,27,'X027-21-81728','',255,'ABS',NULL,'2013-03-13 11:22:34.278750','2013-03-13 11:22:34.278750','');
INSERT INTO "specs" VALUES(195,27,'X027-21-11585','',10,'ABS',NULL,'2013-03-13 11:23:05.200625','2013-03-13 11:23:05.200625','');
INSERT INTO "specs" VALUES(196,27,'X027-21-10389A','',5,'ABS',NULL,'2013-03-13 11:23:22.700625','2013-03-13 11:23:22.700625','');
INSERT INTO "specs" VALUES(197,28,'X027-22-11585','',10,'ABS',NULL,'2013-03-13 11:24:04.497500','2013-03-13 11:24:04.497500','');
INSERT INTO "specs" VALUES(198,41,'X042-22-00000','',331,'ABS',NULL,'2013-03-13 11:25:31.935000','2013-03-13 11:25:31.935000','');
INSERT INTO "specs" VALUES(199,41,'X042-22-90414','',287,'ABS',NULL,'2013-03-13 11:26:40.685000','2013-03-13 11:26:40.685000','');
INSERT INTO "specs" VALUES(200,48,'X046-32-81899','',263,'ABS',NULL,'2013-03-13 11:40:26.060000','2013-03-13 11:40:26.060000','');
INSERT INTO "specs" VALUES(201,47,'X046-31-81899','',263,'ABS',NULL,'2013-03-13 11:42:24.872500','2013-03-13 11:42:24.872500','');
INSERT INTO "specs" VALUES(202,48,'X046-32-00000','',331,'ABS',NULL,'2013-03-13 11:42:48.778750','2013-03-13 11:42:48.778750','');
INSERT INTO "specs" VALUES(203,41,'X042-22-81899','',263,'ABS',NULL,'2013-03-13 11:47:29.481875','2013-03-13 11:47:29.481875','');
INSERT INTO "specs" VALUES(204,5,'X005-00-64206','',340,'ABS',NULL,'2013-03-13 12:30:28.216250','2013-03-13 12:30:28.216250','');
INSERT INTO "specs" VALUES(205,16,'X012-00-90211A','',273,'PP',NULL,'2013-03-13 12:31:57.810000','2013-03-13 12:31:57.810000','');
INSERT INTO "specs" VALUES(206,16,'X012-00-80440','',230,'PP',NULL,'2013-03-13 12:32:21.091250','2013-03-13 12:32:21.091250','');
INSERT INTO "specs" VALUES(207,18,'X014-00-64206','',340,'ABS',NULL,'2013-03-13 12:33:05.981875','2013-03-13 12:33:05.981875','');
INSERT INTO "specs" VALUES(208,32,'X032-21-25878','',49,'ABS',NULL,'2013-03-13 12:35:14.763125','2013-03-13 12:35:14.763125','');
INSERT INTO "specs" VALUES(209,37,'X038-00-401409','',88,'PC',NULL,'2013-03-13 12:36:48.091250','2013-03-13 12:36:48.091250','');
INSERT INTO "specs" VALUES(211,37,'X038-00-64207','',341,'PC',NULL,'2013-03-13 12:38:11.231875','2013-03-13 12:38:11.231875','');
INSERT INTO "specs" VALUES(212,37,'X038-00-54326','',173,'PC',NULL,'2013-03-13 12:39:27.450625','2013-03-13 12:39:44.450625','');
INSERT INTO "specs" VALUES(213,38,'X039-00-401409','',88,'PC',NULL,'2013-03-13 12:40:34.950625','2013-03-13 12:40:34.950625','');
INSERT INTO "specs" VALUES(214,38,'X039-00-64207','',341,'PC',NULL,'2013-03-13 12:40:43.716250','2013-03-13 12:40:43.716250','');
INSERT INTO "specs" VALUES(215,38,'X039-00-53258','',173,'PC',NULL,'2013-03-13 12:41:05.247500','2013-03-13 12:41:05.247500','');
INSERT INTO "specs" VALUES(216,39,'X040-00-401409','',88,'PC',NULL,'2013-03-13 12:41:54.716250','2013-03-13 12:41:54.716250','');
INSERT INTO "specs" VALUES(217,39,'X040-00-64207','',341,'PC',NULL,'2013-03-13 12:42:13.153750','2013-03-13 12:42:13.153750','');
INSERT INTO "specs" VALUES(218,39,'X040-00-53258','',173,'PC',NULL,'2013-03-13 12:42:21.481875','2013-03-13 12:42:21.481875','');
INSERT INTO "specs" VALUES(219,52,'X049-41-21525','',14,'HDPE低压',NULL,'2013-03-13 12:45:45.997500','2013-03-13 12:45:45.997500','');
INSERT INTO "specs" VALUES(220,52,'X049-41-51818','',332,'HDPE低压',NULL,'2013-03-13 12:46:03.341250','2013-03-13 12:46:03.341250','');
INSERT INTO "specs" VALUES(221,53,'X049-42-21525','',14,'HDPE低压',NULL,'2013-03-13 12:46:47.966250','2013-03-13 12:46:47.966250','');
INSERT INTO "specs" VALUES(222,53,'X049-42-51818','',332,'HDPE低压',NULL,'2013-03-13 12:47:24.388125','2013-03-13 12:47:24.388125','');
INSERT INTO "specs" VALUES(223,54,'X049-43-21525','',14,'HDPE低压',NULL,'2013-03-13 12:49:35.685000','2013-03-13 12:49:35.685000','');
INSERT INTO "specs" VALUES(224,54,'X049-43-51818','',332,'HDPE低压',NULL,'2013-03-13 12:50:05.966250','2013-03-13 12:50:05.966250','');
INSERT INTO "specs" VALUES(225,55,'X049-44-41297A','',99,'HDPE低压',NULL,'2013-03-13 12:51:02.294375','2013-03-13 12:51:02.294375','');
INSERT INTO "specs" VALUES(226,56,'X050-00-31968','',67,'PC',NULL,'2013-03-13 12:53:58.450625','2013-03-13 12:53:58.450625','');
INSERT INTO "specs" VALUES(227,56,'X050-00-42264','',111,'PC',NULL,'2013-03-13 12:54:09.810000','2013-03-13 12:54:09.810000','');
INSERT INTO "specs" VALUES(228,56,'X050-00-53259','',174,'PC',NULL,'2013-03-13 12:54:27.997500','2013-03-13 12:54:27.997500','');
INSERT INTO "specs" VALUES(229,57,'X051-31-00000','',331,'PP',NULL,'2013-03-14 00:33:34.060000','2013-03-14 00:33:34.060000','');
INSERT INTO "specs" VALUES(230,58,'X051-32-00000','',331,'PP',NULL,'2013-03-14 00:34:59.575625','2013-03-14 00:34:59.575625','');
INSERT INTO "specs" VALUES(231,59,'X051-33-00000','',331,'PP',NULL,'2013-03-14 00:35:44.981875','2013-03-14 00:35:44.981875','');
INSERT INTO "specs" VALUES(232,60,'X052-00-00000','',331,'HDPE低压',NULL,'2013-03-14 00:36:27.669375','2013-03-14 00:36:27.669375','');
INSERT INTO "specs" VALUES(233,61,'X053-00-51576A','',151,'HDPE低压',NULL,'2013-03-14 00:37:18.060000','2013-03-14 00:37:18.060000','');
INSERT INTO "specs" VALUES(234,62,'X054-31-51576A','',151,'HDPE低压',NULL,'2013-03-14 00:37:55.575625','2013-03-14 00:37:55.575625','');
INSERT INTO "specs" VALUES(235,62,'X054-31-61182','',195,'HDPE低压',NULL,'2013-03-14 00:38:08.653750','2013-03-14 00:38:08.653750','');
INSERT INTO "specs" VALUES(236,63,'X054-32-51576A','',151,'HDPE低压',NULL,'2013-03-14 00:38:48.700625','2013-03-14 00:38:48.700625','');
INSERT INTO "specs" VALUES(237,63,'X054-32-61182','',195,'HDPE低压',NULL,'2013-03-14 00:39:01.794375','2013-03-14 00:39:01.794375','');
INSERT INTO "specs" VALUES(238,65,'X054-33-51576A','',151,'HDPE低压',NULL,'2013-03-14 00:41:04.810000','2013-03-14 00:41:04.810000','');
INSERT INTO "specs" VALUES(239,65,'X054-33-61182','',195,'HDPE低压',NULL,'2013-03-14 00:41:15.372500','2013-03-14 00:41:15.372500','');
INSERT INTO "specs" VALUES(240,66,'X055-31-10047A','',4,'HDPE低压',NULL,'2013-03-14 00:43:54.981875','2013-03-14 00:43:54.981875','');
INSERT INTO "specs" VALUES(241,66,'X055-31-41269','',96,'HDPE低压',NULL,'2013-03-14 00:44:05.794375','2013-03-14 00:44:05.794375','');
INSERT INTO "specs" VALUES(242,67,'X055-32-10047A','',4,'HDPE低压',NULL,'2013-03-14 00:44:32.794375','2013-03-14 00:44:32.794375','');
INSERT INTO "specs" VALUES(243,67,'X055-32-41269','',96,'HDPE低压',NULL,'2013-03-14 00:44:43.060000','2013-03-14 00:44:43.060000','');
INSERT INTO "specs" VALUES(244,68,'X055-33-10047A','',4,'HDPE低压',NULL,'2013-03-14 00:45:12.216250','2013-03-14 00:45:12.216250','');
INSERT INTO "specs" VALUES(245,68,'X055-33-41269','',96,'HDPE低压',NULL,'2013-03-14 00:45:21.888125','2013-03-14 00:45:21.888125','');
INSERT INTO "specs" VALUES(246,69,'X056-21-53260','',175,'HDPE低压',NULL,'2013-03-14 00:46:01.341250','2013-03-14 00:46:01.341250','');
INSERT INTO "specs" VALUES(247,70,'X056-22-53260','',175,'HDPE低压',NULL,'2013-03-14 00:46:30.763125','2013-03-14 00:46:30.763125','');
INSERT INTO "specs" VALUES(248,71,'X057-21-61182','',195,'HDPE低压',NULL,'2013-03-14 00:47:06.716250','2013-03-14 00:47:06.716250','');
INSERT INTO "specs" VALUES(249,71,'X057-21-90211A','',273,'HDPE低压',NULL,'2013-03-14 00:47:18.450625','2013-03-14 00:47:18.450625','');
INSERT INTO "specs" VALUES(250,72,'X057-22-61182','',195,'HDPE低压',NULL,'2013-03-14 00:47:48.122500','2013-03-14 00:47:48.122500','');
INSERT INTO "specs" VALUES(251,72,'X057-22-90211A','',273,'HDPE低压',NULL,'2013-03-14 00:47:56.810000','2013-03-14 00:47:56.810000','');
INSERT INTO "specs" VALUES(252,73,'X058-21-51818','',332,'HDPE低压',NULL,'2013-03-14 00:48:26.778750','2013-03-14 00:48:26.778750','');
INSERT INTO "specs" VALUES(253,74,'X058-22-51818','',332,'HDPE低压',NULL,'2013-03-14 00:50:07.138125','2013-03-14 00:50:07.138125','');
INSERT INTO "specs" VALUES(254,75,'X059-41-00000','',331,'HDPE低压',NULL,'2013-03-14 00:52:22.794375','2013-03-14 00:52:22.794375','');
INSERT INTO "specs" VALUES(255,76,'X059-42-00000','',331,'HDPE低压',NULL,'2013-03-14 00:52:54.731875','2013-03-14 00:52:54.731875','');
INSERT INTO "specs" VALUES(256,77,'X059-43-00000','',331,'HDPE低压',NULL,'2013-03-14 00:53:26.825625','2013-03-14 00:53:26.825625','');
INSERT INTO "specs" VALUES(257,78,'X059-44-00000','',331,'HDPE低压',NULL,'2013-03-14 00:54:00.091250','2013-03-14 00:54:00.091250','');
INSERT INTO "specs" VALUES(258,79,'X060-00-41297A','',99,'HDPE低压',NULL,'2013-03-14 00:55:03.310000','2013-03-14 00:55:03.310000','');
INSERT INTO "specs" VALUES(259,80,'X061-21-90211A','',273,'HDPE低压',NULL,'2013-03-14 00:59:31.763125','2013-03-14 00:59:31.763125','');
INSERT INTO "specs" VALUES(260,81,'X062-22-90211A','',273,'HDPE低压',NULL,'2013-03-14 00:59:59.872500','2013-03-14 00:59:59.872500','');
INSERT INTO "specs" VALUES(261,82,'X062-21-21525','',14,'HDPE低压',NULL,'2013-03-14 01:03:49.716250','2013-03-14 01:03:49.716250','');
INSERT INTO "specs" VALUES(262,82,'X062-21-51818','',332,'HDPE低压',NULL,'2013-03-14 01:03:59.731875','2013-03-14 01:03:59.731875','');
INSERT INTO "specs" VALUES(263,83,'X062-22-21525','',14,'HDPE低压',NULL,'2013-03-14 01:04:44.731875','2013-03-14 01:04:44.731875','');
INSERT INTO "specs" VALUES(264,83,'X062-22-51818','',332,'HDPE低压',NULL,'2013-03-14 01:04:54.341250','2013-03-14 01:04:54.341250','');
INSERT INTO "specs" VALUES(265,84,'X063-31-10047A','',4,'HDPE低压',NULL,'2013-03-14 01:05:34.028750','2013-03-14 01:05:34.028750','');
INSERT INTO "specs" VALUES(266,84,'X063-31-41269','',96,'HDPE低压',NULL,'2013-03-14 01:05:43.231875','2013-03-14 01:05:43.231875','');
INSERT INTO "specs" VALUES(267,85,'X063-32-10047A','',4,'HDPE低压',NULL,'2013-03-14 01:06:18.325625','2013-03-14 01:06:18.325625','');
INSERT INTO "specs" VALUES(268,85,'X063-32-41269','',96,'HDPE低压',NULL,'2013-03-14 01:06:32.231875','2013-03-14 01:06:32.231875','');
INSERT INTO "specs" VALUES(269,86,'X063-33-10047A','',4,'HDPE低压',NULL,'2013-03-14 01:07:22.966250','2013-03-14 01:07:22.966250','');
INSERT INTO "specs" VALUES(270,86,'X063-33-41269','',96,'HDPE低压',NULL,'2013-03-14 01:07:37.903750','2013-03-14 01:07:37.903750','');
INSERT INTO "specs" VALUES(271,87,'X064-00-51576A','',151,'HDPE低压',NULL,'2013-03-14 01:08:12.888125','2013-03-14 01:08:12.888125','');
INSERT INTO "specs" VALUES(272,88,'X065-00-49690','',140,NULL,NULL,'2013-03-14 01:09:11.153750','2013-03-14 01:09:11.153750','');
INSERT INTO "specs" VALUES(273,88,'X065-00-51821','',184,NULL,NULL,'2013-03-14 01:09:18.685000','2013-03-14 01:09:18.685000','');
INSERT INTO "specs" VALUES(274,88,'X065-00-61174A','',194,NULL,NULL,'2013-03-14 01:09:40.606875','2013-03-14 01:09:40.606875','');
INSERT INTO "specs" VALUES(275,89,'X066-31-51818','',332,'HDPE低压',NULL,'2013-03-14 01:14:09.091250','2013-03-14 01:14:09.091250','');
INSERT INTO "specs" VALUES(276,90,'X066-32-51818','',332,'HDPE低压',NULL,'2013-03-14 01:14:37.747500','2013-03-14 01:14:37.747500','');
INSERT INTO "specs" VALUES(277,91,'X066-33-51818','',332,'HDPE低压',NULL,'2013-03-14 01:15:04.513125','2013-03-14 01:15:04.513125','');
INSERT INTO "specs" VALUES(278,92,'X067-00-41297A','',99,'HDPE低压',NULL,'2013-03-14 01:15:41.200625','2013-03-14 01:15:41.200625','');
INSERT INTO "specs" VALUES(279,92,'X067-00-90211A','',273,'HDPE低压',NULL,'2013-03-14 01:15:49.403750','2013-03-14 01:15:49.403750','');
INSERT INTO "specs" VALUES(280,93,'X068-00-90211','',272,'HDPE低压',NULL,'2013-03-14 01:16:32.091250','2013-03-14 01:16:32.091250','');
INSERT INTO "specs" VALUES(281,95,'X070-00-41687','',104,'HDPE低压',NULL,'2013-03-14 01:18:13.106875','2013-03-14 01:18:13.106875','');
INSERT INTO "specs" VALUES(282,96,'X071-00-53259','',174,'透明ABS ',NULL,'2013-03-14 01:19:53.997500','2013-03-14 01:19:53.997500','');
INSERT INTO "specs" VALUES(283,96,'X071-00-31968','',67,'透明ABS ',NULL,'2013-03-14 01:20:06.528750','2013-03-14 01:20:06.528750','');
INSERT INTO "specs" VALUES(284,96,'X071-00-42264','',111,'透明ABS ',NULL,'2013-03-14 01:20:19.044375','2013-03-14 01:20:19.044375','');
INSERT INTO "specs" VALUES(285,97,'X072-00-51576A','',151,'HDPE低压',NULL,'2013-03-14 01:20:49.966250','2013-03-14 01:20:49.966250','');
INSERT INTO "specs" VALUES(286,98,'X073-00-21525','',14,'HDPE低压',NULL,'2013-03-14 01:21:20.825625','2013-03-14 01:21:20.825625','');
INSERT INTO "specs" VALUES(287,99,'X074-00-21525','',14,'HDPE低压',NULL,'2013-03-14 01:21:52.935000','2013-03-14 01:21:52.935000','');
INSERT INTO "specs" VALUES(288,99,'X074-00-41687','',104,'HDPE低压',NULL,'2013-03-14 01:22:01.341250','2013-03-14 01:22:01.341250','');
INSERT INTO "specs" VALUES(289,99,'X074-00-51576A','',151,'HDPE低压',NULL,'2013-03-14 01:22:11.685000','2013-03-14 01:22:11.685000','');
CREATE TABLE "stocks" ("id" INTEGER PRIMARY KEY AUTOINCREMENT NOT NULL, "bh" varchar(255), "name" varchar(255), "color" varchar(255), "color_id" integer, "product_id" integer, "quantity" integer, "created_at" datetime NOT NULL, "updated_at" datetime NOT NULL);
DELETE FROM sqlite_sequence;
INSERT INTO "sqlite_sequence" VALUES('spec_properties',1);
INSERT INTO "sqlite_sequence" VALUES('products',99);
INSERT INTO "sqlite_sequence" VALUES('colors',341);
INSERT INTO "sqlite_sequence" VALUES('specs',289);
INSERT INTO "sqlite_sequence" VALUES('in_stocks',24);
CREATE UNIQUE INDEX "unique_schema_migrations" ON "schema_migrations" ("version");
COMMIT;
